sample_name,lat,lon,age_ma,age_sd,method,publication,T_closure_C,cooling_rate
CUY-21,-33.028776,-69.052483,112.0,15.0,AFT,"Avila 2005, Radiat. Meas.",110.0,0.8928571428571429
CUY-20,-32.998702,-69.066101,13.0,1.5,AFT,"Avila 2005, Radiat. Meas.",110.0,7.6923076923076925
CUY-17,-32.979238,-69.102138,57.0,7.9,AFT,"Avila 2005, Radiat. Meas.",110.0,1.7543859649122806
CUY-6,-32.947551,-69.1284,163.0,17.0,AFT,"Avila 2005, Radiat. Meas.",110.0,0.6134969325153374
CUY-7,-32.940679,-69.132733,156.0,13.0,AFT,"Avila 2005, Radiat. Meas.",110.0,0.6410256410256411
CUY-3,-32.932902,-69.135846,158.0,20.0,AFT,"Avila 2005, Radiat. Meas.",110.0,0.6329113924050633
CUY-1,-32.925519,-69.140324,113.0,14.0,AFT,"Avila 2005, Radiat. Meas.",110.0,0.8849557522123894
CUY-59,-32.897575,-69.166626,158.0,20.0,AFT,"Avila 2005, Radiat. Meas.",110.0,0.6329113924050633
CUY-2,-32.822795,-69.187017,19.0,2.7,AFT,"Avila 2005, Radiat. Meas.",110.0,5.2631578947368425
CUY-31,-32.789592,-69.200257,88.0,17.0,AFT,"Avila 2005, Radiat. Meas.",110.0,1.1363636363636365
TR01,-35.18612,-70.0798,31.1,5.7,AFT,"Bande 2020, Springer",110.0,3.215434083601286
ALBA2,-34.84781,-69.71334,33.7,6.8,AFT,"Bande 2020, Springer",110.0,2.9673590504451037
LAMA2,-34.80211,-69.71637,12.3,1.7,AFT,"Bande 2020, Springer",110.0,8.130081300813007
APM 20-09,-35.09388889,-65.45111111,185.6,17.4,AFT,"Bense 2013, JSAES",110.0,0.5387931034482759
APM 28-08,-34.03111111,-66.54638889,229.6,21.2,AFT,"Bense 2013, JSAES",110.0,0.4355400696864112
AUY 27-10,-33.13833333,-65.37611111,223.2,21.3,AFT,"Bense 2013, JSAES",110.0,0.44802867383512546
AUY 28-10,-32.94694444,-65.13305556,188.8,17.1,AFT,"Bense 2013, JSAES",110.0,0.5296610169491525
AUY 29-10,-32.92805556,-65.16805556,201.4,17.6,AFT,"Bense 2013, JSAES",110.0,0.4965243296921549
AUY 51-08,-32.86666667,-66.92194444,236.5,32.7,AFT,"Bense 2013, JSAES",110.0,0.42283298097251587
AUY 30-10,-32.81111111,-65.21722222,189.2,16.7,AFT,"Bense 2013, JSAES",110.0,0.5285412262156448
AUY 33-10,-32.52861111,-65.30361111,269.9,32.5,AFT,"Bense 2013, JSAES",110.0,0.3705075954057058
APM 02-08 ,-32.06805556,-64.63,152.3,15.0,AFT,"Bense 2013, JSAES",110.0,0.6565988181221273
AUY 49-10,-31.59138889,-64.50305556,177.9,19.9,AFT,"Bense 2013, JSAES",110.0,0.5621135469364812
APM 55-08,-31.37388889,-65.37666667,185.2,16.3,AFT,"Bense 2013, JSAES",110.0,0.5399568034557236
APM 59-08,-31.35888889,-65.42611111,174.0,15.7,AFT,"Bense 2013, JSAES",110.0,0.5747126436781609
AUY 38-10,-31.35138889,-65.43333333,162.7,14.9,AFT,"Bense 2013, JSAES",110.0,0.6146281499692686
CHO-1,-31.8835,-70.7255,55.5,16.65,AFT,"Cembrano 2003, Congreso Geol. Chileno. Republished in Carretier (2017)",110.0,1.8018018018018018
ELQ-2,-29.985,-70.2469,34.2,10.26,AFT,"Cembrano 2003, Congreso Geol. Chileno. Republished in Carretier (2017)",110.0,2.923976608187134
ELQ-5,-29.9782,-70.1895,9.65,2.895,AFT,"Cembrano 2003, Congreso Geol. Chileno. Republished in Carretier (2017)",110.0,10.362694300518134
ELQ-6,-29.9635,-70.1893,6.0,1.8,AFT,"Cembrano 2003, Congreso Geol. Chileno. Republished in Carretier (2017)",110.0,16.666666666666668
ELQ-1,-29.8589,-70.4018,28.7,8.61,AFT,"Cembrano 2003, Congreso Geol. Chileno. Republished in Carretier (2017)",110.0,3.4843205574912894
28TR7,-30.80546667,-66.54428333,245.0,8.0,AFT,"Enkelmann 2014, Lithosphere",110.0,0.40816326530612246
28TR2,-30.76935,-66.4435,233.0,13.0,AFT,"Enkelmann 2014, Lithosphere",110.0,0.4291845493562232
28TR4,-30.6521,-66.37543333,225.0,13.0,AFT,"Enkelmann 2014, Lithosphere",110.0,0.4444444444444444
29TR3,-30.65193333,-66.28418333,259.0,34.0,AFT,"Enkelmann 2014, Lithosphere",110.0,0.3861003861003861
29TR7,-30.6471,-66.36216667,211.0,8.0,AFT,"Enkelmann 2014, Lithosphere",110.0,0.47393364928909953
29TR6,-30.6424,-66.34318333,209.0,7.0,AFT,"Enkelmann 2014, Lithosphere",110.0,0.4784688995215311
29TR2,-30.63991667,-66.27975,215.0,20.0,AFT,"Enkelmann 2014, Lithosphere",110.0,0.46511627906976744
29TR4,-30.6349,-66.31131667,224.0,8.0,AFT,"Enkelmann 2014, Lithosphere",110.0,0.44642857142857145
28TR6,-30.51028333,-66.52526667,232.0,27.0,AFT,"Enkelmann 2014, Lithosphere",110.0,0.43103448275862066
a41,-35.824,-70.793,2.89,0.5,AFT,"Farias 2008, Tectonics",110.0,34.602076124567475
a39,-35.0496,-70.631,11.3,1.5,AFT,"Farias 2008, Tectonics",110.0,8.849557522123893
a40,-35.0,-70.789,15.8,3.1,AFT,"Farias 2008, Tectonics",110.0,6.329113924050633
a38,-34.482,-70.838,31.0,6.3,AFT,"Farias 2008, Tectonics",110.0,3.225806451612903
a37,-34.478,-70.852,46.1,5.8,AFT,"Farias 2008, Tectonics",110.0,2.1691973969631237
a29,-34.435,-70.185,5.5,1.31,AFT,"Farias 2008, Tectonics",110.0,18.181818181818183
a31,-34.426,-70.14,3.51,1.13,AFT,"Farias 2008, Tectonics",110.0,28.490028490028493
a27,-34.423,-70.166,5.99,1.54,AFT,"Farias 2008, Tectonics",110.0,16.69449081803005
a25,-34.404,-70.253,7.73,2.41,AFT,"Farias 2008, Tectonics",110.0,12.936610608020699
a28,-34.37,-70.298,5.7,2.42,AFT,"Farias 2008, Tectonics",110.0,17.543859649122805
a34,-34.203,-70.59,5.41,1.06,AFT,"Farias 2008, Tectonics",110.0,18.484288354898336
a8,-34.202,-70.602,22.8,4.4,AFT,"Farias 2008, Tectonics",110.0,4.385964912280701
a9,-34.202,-70.61,19.9,4.1,AFT,"Farias 2008, Tectonics",110.0,5.025125628140704
a12,-34.197,-70.612,18.7,2.5,AFT,"Farias 2008, Tectonics",110.0,5.347593582887701
a6,-34.0,-70.997,42.5,2.5,AFT,"Farias 2008, Tectonics",110.0,2.3529411764705883
a5,-33.974,-70.985,42.0,4.2,AFT,"Farias 2008, Tectonics",110.0,2.380952380952381
a4,-33.966,-70.991,74.1,6.3,AFT,"Farias 2008, Tectonics",110.0,1.349527665317139
a3,-33.959,-70.968,51.2,3.1,AFT,"Farias 2008, Tectonics",110.0,1.953125
a2,-33.911,-70.727,18.3,2.6,AFT,"Farias 2008, Tectonics",110.0,5.46448087431694
a13,-33.858,-70.071,13.0,3.0,AFT,"Farias 2008, Tectonics",110.0,7.6923076923076925
a33,-33.834,-70.085,2.46,0.92,AFT,"Farias 2008, Tectonics",110.0,40.65040650406504
a23,-33.832,-70.111,12.9,2.9,AFT,"Farias 2008, Tectonics",110.0,7.751937984496124
a26,-33.822,-70.142,6.99,2.97,AFT,"Farias 2008, Tectonics",110.0,14.30615164520744
a32,-33.814,-70.009,1.93,0.53,AFT,"Farias 2008, Tectonics",110.0,51.81347150259067
a24,-33.674,-70.345,11.4,3.0,AFT,"Farias 2008, Tectonics",110.0,8.771929824561402
a10,-33.667,-70.332,19.6,3.7,AFT,"Farias 2008, Tectonics",110.0,5.1020408163265305
a22,-33.571,-70.322,15.3,3.3,AFT,"Farias 2008, Tectonics",110.0,6.5359477124183005
a30,-33.499,-70.143,5.24,0.82,AFT,"Farias 2008, Tectonics",110.0,19.083969465648853
a7,-33.497,-70.353,26.2,3.4,AFT,"Farias 2008, Tectonics",110.0,3.816793893129771
a11,-33.486,-70.396,19.6,3.0,AFT,"Farias 2008, Tectonics",110.0,5.1020408163265305
a1,-32.987,-70.718,40.2,7.7,AFT,"Farias 2008, Tectonics",110.0,2.487562189054726
a35,-32.919,-70.357,6.75,1.37,AFT,"Farias 2008, Tectonics",110.0,14.814814814814815
a36,-32.901,-70.364,6.34,1.57,AFT,"Farias 2008, Tectonics",110.0,15.772870662460567
a19,-32.571,-70.561,23.5,5.5,AFT,"Farias 2008, Tectonics",110.0,4.25531914893617
a20,-32.536,-70.467,22.9,4.2,AFT,"Farias 2008, Tectonics",110.0,4.366812227074236
a21,-32.529,-70.469,20.7,3.6,AFT,"Farias 2008, Tectonics",110.0,4.830917874396135
a18,-32.509,-70.473,31.0,5.2,AFT,"Farias 2008, Tectonics",110.0,3.225806451612903
a17,-32.502,-70.594,35.9,5.1,AFT,"Farias 2008, Tectonics",110.0,2.785515320334262
a16,-32.501,-70.576,35.9,5.1,AFT,"Farias 2008, Tectonics",110.0,2.785515320334262
a14,-32.487,-70.598,46.2,6.2,AFT,"Farias 2008, Tectonics",110.0,2.1645021645021645
a15,-32.483,-70.605,40.3,6.4,AFT,"Farias 2008, Tectonics",110.0,2.481389578163772
GC1026-6,-35.874333,-69.876833,10.7,1.6,AFT,"Folguera 2015, JSAES",110.0,9.345794392523365
GC1026-5,-35.868833,-69.928667,7.2,4.2,AFT,"Folguera 2015, JSAES",110.0,13.88888888888889
GC1026-4,-35.866333,-69.954833,21.1,5.7,AFT,"Folguera 2015, JSAES",110.0,4.739336492890995
GC1026-19,-35.865603,-69.811825,55.0,9.5,AFT,"Folguera 2015, JSAES",110.0,1.8181818181818181
GC1026-18,-35.791608,-69.66855,173.7,21.0,AFT,"Folguera 2015, JSAES",110.0,0.5757052389176742
GC1026-16,-35.591531,-69.595444,82.4,16.6,AFT,"Folguera 2015, JSAES",110.0,1.2135922330097086
GC1026-3,-35.5845,-69.617,161.5,14.3,AFT,"Folguera 2015, JSAES",110.0,0.6191950464396285
GC1026-1,-35.5755,-69.592167,15.0,4.1,AFT,"Folguera 2015, JSAES",110.0,6.666666666666667
GC1026-17,-35.563103,-69.431453,11.8,3.6,AFT,"Folguera 2015, JSAES",110.0,8.47457627118644
83AA-1,-28.4737,-65.5476,237.0,8.0,AFT,"Jordan 1989, JSAES",110.0,0.4219409282700422
83AA-2,-28.4737,-65.5873,208.0,6.5,AFT,"Jordan 1989, JSAES",110.0,0.4807692307692308
APM 09-08,-32.0542,-64.93595,169.7,14.4,AFT,"Löbens 2011, Int J Earth Sci",110.0,0.5892751915144373
APM 14-08,-32.05011667,-64.9687,143.7,13.6,AFT,"Löbens 2011, Int J Earth Sci",110.0,0.6958942240779402
APM 15-08,-32.04696667,-65.02935,196.1,17.8,AFT,"Löbens 2011, Int J Earth Sci",110.0,0.5099439061703213
AUY 59-10,-31.3875,-67.98222222,204.6,23.8,AFT,"Löbens 2013, JSAES",110.0,0.4887585532746823
A5-10,-31.37777778,-68.14333333,152.3,20.5,AFT,"Löbens 2013, JSAES",110.0,0.6565988181221273
AUY 57-10,-31.375,-67.97055556,173.9,26.7,AFT,"Löbens 2013, JSAES",110.0,0.5750431282346176
AUY 56-10,-31.31194444,-67.92944444,207.0,20.1,AFT,"Löbens 2013, JSAES",110.0,0.4830917874396135
C4,-29.9261167,-69.4715333,36.2,4.6,AFT,"Lossada 2017, Tectonics ",110.0,2.762430939226519
H5,-29.9123667,-70.5298833,33.5,3.6,AFT,"Lossada 2017, Tectonics ",110.0,2.985074626865672
H4,-29.8477,-70.4158833,27.4,2.4,AFT,"Lossada 2017, Tectonics ",110.0,3.6496350364963503
AL01,-29.8144167,-70.2728667,36.9,1.3,AFT,"Lossada 2017, Tectonics ",110.0,2.710027100271003
AL02,-29.81135,-70.2779833,38.8,4.4,AFT,"Lossada 2017, Tectonics ",110.0,2.577319587628866
AL03,-29.8036667,-70.2785167,30.7,1.9,AFT,"Lossada 2017, Tectonics ",110.0,3.257328990228013
AL05,-29.7964833,-70.26805,34.2,2.0,AFT,"Lossada 2017, Tectonics ",110.0,2.923976608187134
AL06,-29.7912167,-70.2720167,29.1,1.4,AFT,"Lossada 2017, Tectonics ",110.0,3.4364261168384878
AL07,-29.7909333,-70.2937,26.7,2.0,AFT,"Lossada 2017, Tectonics ",110.0,3.7453183520599254
AL08,-29.7881667,-70.3028667,25.2,1.6,AFT,"Lossada 2017, Tectonics ",110.0,3.9682539682539684
AL09,-29.7877667,-70.32065,24.3,2.1,AFT,"Lossada 2017, Tectonics ",110.0,4.11522633744856
Hb_Th 01-18-110,-31.545,-70.363,31.3,3.0,AFT,"Lossada 2020, JSAES",110.0,3.1948881789137378
Hb_Th 01-18-192,-31.54,-70.361,45.6,4.6,AFT,"Lossada 2020, JSAES",110.0,2.1929824561403506
Hb_Th 01-18-90,-31.535,-70.365,31.9,4.1,AFT,"Lossada 2020, JSAES",110.0,3.134796238244514
Hb_Th 01-18-89,-31.535,-70.382,45.9,4.5,AFT,"Lossada 2020, JSAES",110.0,2.178649237472767
Hb_Th 01-18-105,-31.503,-70.348,52.2,4.7,AFT,"Lossada 2020, JSAES",110.0,1.9157088122605364
ETP-7,-34.5961389,-70.24075,3.7,0.7,AFT,"Maksaev 2009, Andean Geology",110.0,27.027027027027025
ETP-17,-34.5579722,-70.5424167,5.6,1.5,AFT,"Maksaev 2009, Andean Geology",110.0,17.857142857142858
ETP-8A,-34.4421389,-70.1351944,4.8,0.7,AFT,"Maksaev 2009, Andean Geology",110.0,20.833333333333336
ETP-8B,-34.4421389,-70.1351944,4.5,0.6,AFT,"Maksaev 2009, Andean Geology",110.0,22.22222222222222
ETP-13,-34.2381389,-70.3226944,4.1,0.6,AFT,"Maksaev 2009, Andean Geology",110.0,24.390243902439025
ETP-14,-34.2028611,-69.9268333,6.1,0.6,AFT,"Maksaev 2009, Andean Geology",110.0,16.393442622950822
ETP-10A,-34.0868611,-70.1187222,4.5,0.9,AFT,"Maksaev 2009, Andean Geology",110.0,22.22222222222222
ETP-12,-34.0429722,-70.2748333,3.6,0.6,AFT,"Maksaev 2009, Andean Geology",110.0,27.77777777777778
ETP-11,-34.0098611,-70.0199444,4.4,0.7,AFT,"Maksaev 2009, Andean Geology",110.0,22.727272727272727
ETP-3,-33.82475,-70.2148333,9.3,1.2,AFT,"Maksaev 2009, Andean Geology",110.0,10.75268817204301
ETP-4,-33.8103889,-70.2095,5.7,1.0,AFT,"Maksaev 2009, Andean Geology",110.0,17.543859649122805
TT-118,-33.7925278,-70.2090278,12.1,0.8,AFT,"Maksaev 2009, Andean Geology",110.0,8.264462809917356
TT-115,-33.5946667,-70.4897778,21.1,1.7,AFT,"Maksaev 2009, Andean Geology",110.0,4.739336492890995
TT-189,-33.1443333,-70.2533333,3.2,0.4,AFT,"Maksaev 2009, Andean Geology",110.0,31.25
TT-188,-33.1398889,-70.2677778,3.7,0.4,AFT,"Maksaev 2009, Andean Geology",110.0,27.027027027027025
TT-190,-33.1208333,-70.2472222,4.5,0.7,AFT,"Maksaev 2009, Andean Geology",110.0,22.22222222222222
TT-128,-33.0955556,-70.2547222,8.4,1.4,AFT,"Maksaev 2009, Andean Geology",110.0,11.904761904761905
TT-127,-33.0824167,-70.25525,5.6,0.5,AFT,"Maksaev 2009, Andean Geology",110.0,17.857142857142858
KP-14,-28.9844528,-70.8796444,59.8,4.9,AFT,"Maksaev 2010, Andean Geology",110.0,1.6722408026755853
BWD,-28.1016883,-69.7628902,55.8,4.0,AFT,"Martínez 2017, J. Geodynamics",110.0,1.7921146953405018
Bz,-28.0864671,-69.5955524,52.8,3.9,AFT,"Martínez 2017, J. Geodynamics",110.0,1.893939393939394
IC 22,-28.0842925,-69.8491681,38.8,3.0,AFT,"Martínez 2017, J. Geodynamics",110.0,2.577319587628866
IC 58,-28.0182597,-69.5385896,45.0,4.2,AFT,"Martínez 2017, J. Geodynamics",110.0,2.2222222222222223
IC 17,-28.0038387,-69.8847834,42.7,2.9,AFT,"Martínez 2017, J. Geodynamics",110.0,2.34192037470726
LC11,-31.988,-70.588,16.0,1.7,AFT,"Rodriguez 2018, Tectonics ",110.0,6.25
LC15,-31.889,-70.732,43.7,2.5,AFT,"Rodriguez 2018, Tectonics ",110.0,2.2883295194508007
LC09,-31.751,-70.959,41.4,2.2,AFT,"Rodriguez 2018, Tectonics ",110.0,2.4154589371980677
LC04,-31.621,-70.991,60.1,3.5,AFT,"Rodriguez 2018, Tectonics ",110.0,1.6638935108153077
LC03,-31.612,-70.987,68.3,3.8,AFT,"Rodriguez 2018, Tectonics ",110.0,1.4641288433382138
LC02,-31.609,-70.981,54.1,1.45,AFT,"Rodriguez 2018, Tectonics ",110.0,1.8484288354898335
LC01,-31.607,-70.974,55.0,2.4,AFT,"Rodriguez 2018, Tectonics ",110.0,1.8181818181818181
LC08,-31.505,-70.8,35.0,1.9,AFT,"Rodriguez 2018, Tectonics ",110.0,2.857142857142857
LC07,-31.476,-70.726,36.6,2.6,AFT,"Rodriguez 2018, Tectonics ",110.0,2.73224043715847
LC18,-31.471,-70.765,41.7,2.5,AFT,"Rodriguez 2018, Tectonics ",110.0,2.398081534772182
LC16,-31.467,-70.765,21.6,1.4,AFT,"Rodriguez 2018, Tectonics ",110.0,4.62962962962963
LC05,-31.464,-70.807,30.0,1.6,AFT,"Rodriguez 2018, Tectonics ",110.0,3.3333333333333335
LC17,-31.464,-70.762,40.6,10.6,AFT,"Rodriguez 2018, Tectonics ",110.0,2.4630541871921183
LL01,-31.176,-70.817,36.6,1.8,AFT,"Rodriguez 2018, Tectonics ",110.0,2.73224043715847
LL02,-31.17,-70.826,39.2,2.3,AFT,"Rodriguez 2018, Tectonics ",110.0,2.5510204081632653
LL07,-30.765,-70.713,31.5,1.8,AFT,"Rodriguez 2018, Tectonics ",110.0,3.1746031746031744
LL06,-30.764,-70.703,32.0,1.6,AFT,"Rodriguez 2018, Tectonics ",110.0,3.125
LL08,-30.378,-70.592,31.3,1.5,AFT,"Rodriguez 2018, Tectonics ",110.0,3.1948881789137378
LE04,-29.987,-70.246,27.1,2.1,AFT,"Rodriguez 2018, Tectonics ",110.0,3.6900369003690034
LE05,-29.975,-70.102,8.4,0.8,AFT,"Rodriguez 2018, Tectonics ",110.0,11.904761904761905
LE06,-29.955,-70.177,36.0,1.5,AFT,"Rodriguez 2018, Tectonics ",110.0,2.7777777777777777
LE03,-29.913,-70.301,36.0,3.1,AFT,"Rodriguez 2018, Tectonics ",110.0,2.7777777777777777
LE02,-29.846,-70.392,22.0,1.4,AFT,"Rodriguez 2018, Tectonics ",110.0,4.545454545454546
JA07,-29.009,-70.306,20.3,1.2,AFT,"Rodriguez 2018, Tectonics ",110.0,4.926108374384237
JA05,-28.984,-70.214,19.6,0.7,AFT,"Rodriguez 2018, Tectonics ",110.0,5.1020408163265305
G4,-28.979,-70.966,65.9,2.7,AFT,"Rodriguez 2018, Tectonics ",110.0,1.5174506828528072
G2,-28.927,-70.68,49.8,3.3,AFT,"Rodriguez 2018, Tectonics ",110.0,2.0080321285140563
G3,-28.803,-70.768,51.2,3.3,AFT,"Rodriguez 2018, Tectonics ",110.0,1.953125
VI02,-35.619,-71.052,17.6,1.9,AFT,"Spikings 2008, J. Geol. Soc.",110.0,5.681818181818182
CL02,-35.325,-71.046,20.7,2.1,AFT,"Spikings 2008, J. Geol. Soc.",110.0,4.830917874396135
TE15,-35.055,-70.563,16.0,1.5,AFT,"Spikings 2008, J. Geol. Soc.",110.0,6.25
TE05,-35.048,-70.632,7.2,1.4,AFT,"Spikings 2008, J. Geol. Soc.",110.0,13.88888888888889
TE01,-35.048,-70.637,11.3,1.8,AFT,"Spikings 2008, J. Geol. Soc.",110.0,8.849557522123893
TE08,-35.048,-70.632,15.2,1.8,AFT,"Spikings 2008, J. Geol. Soc.",110.0,6.578947368421053
Clin25D,-34.079,-70.124,7.1,1.1,AFT,Stalder et al. (2020),110.0,14.084507042253522
Clin25B,-34.076,-70.115,11.1,1.2,AFT,Stalder et al. (2020),110.0,9.00900900900901
Clin25C,-34.076,-70.12,12.5,1.4,AFT,Stalder et al. (2020),110.0,8.0
Clin25A,-34.059,-70.118,6.73,1.0,AFT,Stalder et al. (2020),110.0,14.858841010401187
Clin22D,-33.505,-70.129,9.81,1.0,AFT,Stalder et al. (2020),110.0,10.19367991845056
Clin22C,-33.504,-70.124,8.99,1.0,AFT,Stalder et al. (2020),110.0,11.123470522803114
Clin22B,-33.499,-70.125,7.13,0.8,AFT,Stalder et al. (2020),110.0,14.025245441795231
Clin22A,-33.491,-70.13,7.96,0.7,AFT,Stalder et al. (2020),110.0,12.56281407035176
14NC18,-30.217,-70.645,30.3,1.5,AFT,Stalder et al. (2020),110.0,3.3003300330033003
14NC15,-30.164,-70.491,27.2,2.1,AFT,Stalder et al. (2020),110.0,3.6764705882352944
14NC06,-30.026,-70.631,29.3,2.1,AFT,Stalder et al. (2020),110.0,3.41296928327645
14NC05,-30.018,-70.519,128.0,19.0,AFT,Stalder et al. (2020),110.0,0.78125
14NC03,-29.854,-70.499,34.6,3.6,AFT,Stalder et al. (2020),110.0,2.890173410404624
14NC01,-29.834,-70.369,28.0,1.3,AFT,Stalder et al. (2020),110.0,3.5714285714285716
14NC22,-29.462,-70.575,35.1,2.0,AFT,Stalder et al. (2020),110.0,2.849002849002849
14NC21,-29.451,-70.755,65.5,6.4,AFT,Stalder et al. (2020),110.0,1.5267175572519085
14NC30,-29.178,-70.347,35.0,5.0,AFT,Stalder et al. (2020),110.0,2.857142857142857
14NC32,-29.007,-70.302,26.7,2.7,AFT,Stalder et al. (2020),110.0,3.7453183520599254
Huasco75,-28.97,-70.223,24.6,1.3,AFT,Stalder et al. (2020),110.0,4.0650406504065035
14NC29,-28.962,-70.461,41.4,3.4,AFT,Stalder et al. (2020),110.0,2.4154589371980677
Huasco87,-28.941,-70.223,32.6,1.9,AFT,Stalder et al. (2020),110.0,3.067484662576687
Sauce31,-28.871,-70.546,73.9,5.8,AFT,Stalder et al. (2020),110.0,1.3531799729364005
Huasco73,-28.859,-70.324,40.5,3.0,AFT,Stalder et al. (2020),110.0,2.4691358024691357
Huasco54,-28.85,-70.295,25.9,1.8,AFT,Stalder et al. (2020),110.0,3.8610038610038613
Laguna57,-28.792,-70.007,33.4,3.5,AFT,Stalder et al. (2020),110.0,2.9940119760479043
Relincho19,-28.674,-70.464,72.2,5.7,AFT,Stalder et al. (2020),110.0,1.3850415512465373
Relincho20,-28.627,-70.43,59.1,3.0,AFT,Stalder et al. (2020),110.0,1.6920473773265652
14NC34,-28.565,-70.543,80.0,11.0,AFT,Stalder et al. (2020),110.0,1.25
14NC36,-28.376,-70.409,77.0,8.5,AFT,Stalder et al. (2020),110.0,1.2987012987012987
kw2-22,-34.9953,-70.3666,48.2,3.1,AFT,"Waite 2005, PhD Thesis",110.0,2.0746887966804977
kw1-12,-34.9882,-70.3636,41.2,5.7,AFT,"Waite 2005, PhD Thesis",110.0,2.4271844660194173
kw2-32,-34.988,-70.4246,112.9,7.6,AFT,"Waite 2005, PhD Thesis",110.0,0.8857395925597874
kw2-20,-34.9873,-70.3602,53.0,3.6,AFT,"Waite 2005, PhD Thesis",110.0,1.8867924528301887
kw1-11,-34.9872,-70.3689,34.6,5.3,AFT,"Waite 2005, PhD Thesis",110.0,2.890173410404624
kw2-34,-34.9815,-70.4359,23.4,3.0,AFT,"Waite 2005, PhD Thesis",110.0,4.273504273504273
kw1-13,-34.980633,-70.377227,3.1,1.5,AFT,"Waite 2005, PhD Thesis",110.0,32.25806451612903
kw2-13,-34.9803,-70.3672,25.7,2.6,AFT,"Waite 2005, PhD Thesis",110.0,3.8910505836575875
kw1-15,-34.9788056,-70.3998611,3.9,1.2,AFT,"Waite 2005, PhD Thesis",110.0,25.641025641025642
kw2-35,-34.9759,-70.4603,16.2,2.0,AFT,"Waite 2005, PhD Thesis",110.0,6.172839506172839
kw2-36,-34.9721111,-70.4561111,9.8,2.5,AFT,"Waite 2005, PhD Thesis",110.0,10.204081632653061
kw2-41,-34.9693889,-70.4028333,4.7,0.8,AFT,"Waite 2005, PhD Thesis",110.0,21.27659574468085
kw2-11,-34.9659722,-70.4382222,1.0,0.5,AFT,"Waite 2005, PhD Thesis",110.0,100.0
kw1-6,-34.9658889,-70.4348333,1.0,0.4,AFT,"Waite 2005, PhD Thesis",110.0,100.0
kw3-02,-34.9623333,-70.4336111,4.8,1.4,AFT,"Waite 2005, PhD Thesis",110.0,20.833333333333336
kw2-5,-34.9582778,-70.4254722,0.5,0.4,AFT,"Waite 2005, PhD Thesis",110.0,200.0
kw2-6,-34.9542778,-70.435,6.0,1.3,AFT,"Waite 2005, PhD Thesis",110.0,16.666666666666668
kw1-3,-34.9481667,-70.4275278,1.3,0.6,AFT,"Waite 2005, PhD Thesis",110.0,76.92307692307692
kw2-24,-34.9399444,-70.4486389,6.1,1.5,AFT,"Waite 2005, PhD Thesis",110.0,16.393442622950822
kw2-45,-34.9231667,-70.4369444,1.3,0.5,AFT,"Waite 2005, PhD Thesis",110.0,76.92307692307692
kw2-25,-34.9190278,-70.4742778,8.1,3.0,AFT,"Waite 2005, PhD Thesis",110.0,12.345679012345679
kw2-54,-34.8801944,-70.5415278,10.5,2.7,AFT,"Waite 2005, PhD Thesis",110.0,9.523809523809524
kw2-57,-34.8640556,-70.5536389,7.2,2.1,AFT,"Waite 2005, PhD Thesis",110.0,13.88888888888889
16123GY,-28.1365,-64.8103,125.1,4.2,AFT,"Zapata 2019, PhD Thesis",110.0,0.7993605115907274
GC1026-7,-36.615667,-69.621167,108.2,19.2,AFT,"Folguera 2015, JSAES",110.0,0.9242144177449167
GC1026-9,-36.595333,-69.630833,32.5,7.6,AFT,"Folguera 2015, JSAES",110.0,3.076923076923077
GC1026-20,-36.616461,-69.614086,57.4,15.4,AFT,"Folguera 2015, JSAES",110.0,1.7421602787456447
GC1026-22,-36.598878,-69.626825,70.9,11.6,AFT,"Folguera 2015, JSAES",110.0,1.4104372355430181
GC1026-10,-36.662,-70.428,46.9,6.6,AFT,"Folguera 2015, JSAES",110.0,2.1321961620469083
GC1026-11,-36.676417,-70.468111,74.2,7.2,AFT,"Folguera 2015, JSAES",110.0,1.3477088948787062
GC1026-12,-36.911194,-69.667889,40.6,9.9,AFT,"Folguera 2015, JSAES",110.0,2.4630541871921183
GC1026-14,-36.921722,-69.657972,56.8,12.1,AFT,"Folguera 2015, JSAES",110.0,1.7605633802816902
GC1026-15,-36.945639,-69.628139,45.2,10.7,AFT,"Folguera 2015, JSAES",110.0,2.2123893805309733
18264,-37.1683,-72.9541,103.0,6.5,AFT,Thomson 2010,110.0,0.970873786407767
00-83,-37.2572,-72.96,78.2,4.4,AFT,Thomson 2010,110.0,1.278772378516624
LOF143,-37.3823,-71.4898,7.8,0.7,AFT,Thomson 2010,110.0,12.820512820512821
00-79,-37.398,-73.059,70.8,4.9,AFT,Thomson 2010,110.0,1.4124293785310735
00-77,-37.618,-73.1287,64.2,4.2,AFT,Thomson 2010,110.0,1.557632398753894
00-32,-37.7425,-73.1372,54.6,4.1,AFT,Thomson 2010,110.0,1.8315018315018314
00-31,-37.7573,-73.1533,69.5,4.7,AFT,Thomson 2010,110.0,1.4388489208633093
14611,-38.0242,-73.137,76.0,6.4,AFT,Thomson 2010,110.0,1.3157894736842106
LOF145,-38.0935,-71.7081,3.9,0.7,AFT,Thomson 2010,110.0,25.641025641025642
12785,-38.1635,-72.8965,99.5,6.0,AFT,Thomson 2010,110.0,1.0050251256281406
Val26,-38.2301,-73.4682,106.0,29.0,AFT,Thomson 2010,110.0,0.9433962264150944
44200,-38.3433,-73.4867,89.3,7.3,AFT,Thomson 2010,110.0,1.1198208286674132
LOF171,-38.5535,-71.2795,34.3,4.6,AFT,Thomson 2010,110.0,2.915451895043732
LOF149,-38.596,-71.4385,40.5,6.2,AFT,Thomson 2010,110.0,2.4691358024691357
FC03,-30.16638,-69.48009,31.2,7.7,AFT,Fosdick et al 2015,110.0,3.2051282051282053
SVF01,-30.15897,-68.05082,5.8,0.8,AFT,Fosdick et al 2015,110.0,17.24137931034483
HC07,-30.15923,-68.43294,152.3,16.0,AFT,Fosdick et al 2015,110.0,0.6565988181221273
19EAB13,-32.7348,-69.98967,3.32,1.1,AFT,Carrapa et al. (2022),110.0,30.120481927710845
33EAB13,-32.90108,-70.00592,3.75,0.93,AFT,Carrapa et al. (2022),110.0,26.666666666666668
1EAB15,-32.89578,-69.91117,39.73,6.17,AFT,Carrapa et al. (2022),110.0,2.5169896803423106
3EAB15,-32.90036,-69.91184,4.5,0.79,AFT,Carrapa et al. (2022),110.0,22.22222222222222
4EAB15,-32.87573,-69.91237,12.34,3.05,AFT,Carrapa et al. (2022),110.0,8.103727714748784
6EAB15,-32.87638,-69.90668,71.4,9.0,AFT,Carrapa et al. (2022),110.0,1.4005602240896358
Arg15-5,-32.83932,-69.87077,25.5,6.5,AFT,Carrapa et al. (2022),110.0,3.9215686274509802
1PT75,-32.87447,-69.89591,12.7,2.1,AFT,Carrapa et al. (2022),110.0,7.874015748031496
APM 20-09,-35.09387,-65.45101,177.9,8.202438662,AHe,"Bense 2013, JSAES",70.0,0.33726812816188867
APM 28-08,-34.031,-66.5465,97.2,0.848528137,AHe,"Bense 2013, JSAES",70.0,0.6172839506172839
AUY 27-10,-33.13835,-65.37598,131.3666667,22.95001816,AHe,"Bense 2013, JSAES",70.0,0.45673686869912794
AUY 28-10,-32.94683,-65.13318,156.2,7.212489168,AHe,"Bense 2013, JSAES",70.0,0.38412291933418696
AUY 29-10,-32.92813,-65.16814,94.35,0.070710678,AHe,"Bense 2013, JSAES",70.0,0.6359300476947536
APM 02-09,-32.89684,-66.83339,59.1,8.909545443,AHe,"Bense 2013, JSAES",70.0,1.015228426395939
APM 51-08,-32.86667,-66.922,21.9,2.404163056,AHe,"Bense 2013, JSAES",70.0,2.7397260273972606
APM 04-09,-32.86408,-66.87234,45.55,6.717514421,AHe,"Bense 2013, JSAES",70.0,1.3172338090010978
AUY 30-10,-32.81117,-65.21731,105.95,1.48492424,AHe,"Bense 2013, JSAES",70.0,0.5663048607833884
APM 39-08,-32.76417,-66.11933,196.35,3.040559159,AHe,"Bense 2013, JSAES",70.0,0.30557677616501144
APM 40-08,-32.7395,-66.16617,95.85,15.62705986,AHe,"Bense 2013, JSAES",70.0,0.6259780907668232
APM 47-08,-32.704,-66.189,237.55,4.596194078,AHe,"Bense 2013, JSAES",70.0,0.2525784045464113
APM 46-08,-32.6865,-66.17167,142.9,10.46518036,AHe,"Bense 2013, JSAES",70.0,0.4198740377886634
APM 45-08,-32.66633,-66.156,169.65,96.68114259,AHe,"Bense 2013, JSAES",70.0,0.3536693191865605
AUY 33-10,-32.52856,-65.3037,77.9,17.81909089,AHe,"Bense 2013, JSAES",70.0,0.7702182284980744
APM 20-08,-32.310166,-65.2765,180.26,25.86478494,AHe,"Bense 2013, JSAES",70.0,0.33285254632197936
APM 02-08 ,-32.08067,-64.63,139.65,6.576093065,AHe,"Bense 2013, JSAES",70.0,0.4296455424274973
AUY 49-10,-31.59147,-64.50304,56.8,12.38359129,AHe,"Bense 2013, JSAES",70.0,1.0563380281690142
APM 16-09,-31.44892,-67.36539,5.166666667,0.929157324,AHe,"Bense 2013, JSAES",70.0,11.61290322505723
APM 55-08,-31.374,-65.37667,216.975,10.09041377,AHe,"Bense 2013, JSAES",70.0,0.27652955409609403
APM 59-08,-31.35883,-65.426,159.96,24.98915365,AHe,"Bense 2013, JSAES",70.0,0.3750937734433608
AUY 38-10,-31.35132,-65.43324,111.6666667,11.14196272,AHe,"Bense 2013, JSAES",70.0,0.5373134326754289
APM 15-09,-30.63729,-67.49066,293.5,22.07464609,AHe,"Bense 2013, JSAES",70.0,0.20442930153321975
APM 12-09,-30.5624,-67.54256,62.95,2.61629509,AHe,"Bense 2013, JSAES",70.0,0.9531374106433677
28TR2,-30.76935,-66.4435,142.0,34.0,AHe,"Enkelmann 2014, Lithosphere",70.0,0.4225352112676056
28TR4,-30.6521,-66.37543333,175.0,28.0,AHe,"Enkelmann 2014, Lithosphere",70.0,0.34285714285714286
29TR3,-30.65193333,-66.28418333,174.0,31.0,AHe,"Enkelmann 2014, Lithosphere",70.0,0.3448275862068966
28TR6,-30.51028333,-66.52526667,244.0,13.0,AHe,"Enkelmann 2014, Lithosphere",70.0,0.2459016393442623
Tunu2600A,-33.7293,-69.6537,53.12,7.325626253,AHe,"Hoke 2015, Spec. Publ. London",70.0,1.1295180722891567
Tunu3280A,-33.7026,-69.6308,18.405,14.94116629,AHe,"Hoke 2015, Spec. Publ. London",70.0,3.2599837000814995
Tunu3565A,-33.6997,-69.626,79.3,5.65,AHe,"Hoke 2015, Spec. Publ. London",70.0,0.7566204287515763
Tunu3770A,-33.6976,-69.6214,83.9175,35.00503428,AHe,"Hoke 2015, Spec. Publ. London",70.0,0.714987934578604
Tunu4010B,-33.6959,-69.616,37.79,2.72,AHe,"Hoke 2015, Spec. Publ. London",70.0,1.587721619476052
Tunu4580E,-33.6956,-69.6154,137.83,18.95,AHe,"Hoke 2015, Spec. Publ. London",70.0,0.435318871073061
Tunu4200F,-33.6948,-69.6133,114.68,15.0048059,AHe,"Hoke 2015, Spec. Publ. London",70.0,0.5231949773282176
Mendo3500A,-32.8072,-69.5927,69.42,33.49801188,AHe,"Hoke 2015, Spec. Publ. London",70.0,0.8643042350907519
Mendo2950C,-32.8037,-69.582,84.97,6.52,AHe,"Hoke 2015, Spec. Publ. London",70.0,0.7061315758503001
Mendo3250A,-32.8037,-69.582,27.31,1.93,AHe,"Hoke 2015, Spec. Publ. London",70.0,2.1969974368363236
Mendo2260E,-32.7773,-69.5589,13.57,0.735391052,AHe,"Hoke 2015, Spec. Publ. London",70.0,4.421518054532056
APM 11-08 ,-32.055,-64.951,75.7,12.30365799,AHe,"Löbens 2011, Int J Earth Sci",70.0,0.7926023778071334
APM 09-08 ,-32.0542,-64.936,117.225,22.71363394,AHe,"Löbens 2011, Int J Earth Sci",70.0,0.5118362124120281
APM 12-08,-32.054,-64.962,73.125,23.56853482,AHe,"Löbens 2011, Int J Earth Sci",70.0,0.8205128205128205
APM 10-08,-32.053,-64.942,94.4,9.192388155,AHe,"Löbens 2011, Int J Earth Sci",70.0,0.635593220338983
APM 13-08 ,-32.051,-64.965,106.4,21.31619103,AHe,"Löbens 2011, Int J Earth Sci",70.0,0.5639097744360902
APM 14-08 ,-32.05011667,-64.9687,57.175,13.14873251,AHe,"Löbens 2011, Int J Earth Sci",70.0,1.04940970703979
APM 15-08 ,-32.04696667,-65.02935,108.2,31.53696244,AHe,"Löbens 2011, Int J Earth Sci",70.0,0.5545286506469501
AUY 59-10,-31.3875,-67.98222222,58.55,1.626345597,AHe,"Löbens 2013, JSAES",70.0,1.0247651579846286
A5-10,-31.37777778,-68.14333333,46.1,3.111269837,AHe,"Löbens 2013, JSAES",70.0,1.3015184381778742
AUY 56-10,-31.31194444,-67.92944444,131.3333333,0.404145188,AHe,"Löbens 2013, JSAES",70.0,0.4568527919941251
AL02,-29.81135,-70.2779833,31.3,2.1,AHe,"Lossada 2017, Tectonics ",70.0,1.9169329073482428
AL03,-29.8036667,-70.2785167,25.7,0.7,AHe,"Lossada 2017, Tectonics ",70.0,2.3346303501945527
AL07,-29.7909333,-70.2937,21.6,0.2,AHe,"Lossada 2017, Tectonics ",70.0,2.7777777777777777
AL08,-29.7881667,-70.3028667,13.8,1.5,AHe,"Lossada 2017, Tectonics ",70.0,4.3478260869565215
AL09,-29.7877667,-70.32065,22.7,6.081118318,AHe,"Lossada 2017, Tectonics ",70.0,2.643171806167401
KP-14,-28.9844528,-70.8796444,44.3,0.5,AHe,"Maksaev 2010, Andean Geology",70.0,1.3544018058690745
12-SVF-11,-30.1631,-67.84159,2.2,0.2,AHe,"Ortiz 2015, SAES",70.0,27.27272727272727
12-SVF-02,-30.14255,-68.03188,4.15,1.767766953,AHe,"Ortiz 2015, SAES",70.0,14.457831325301203
AN12JP003,-33.7747873,-70.2612952,3.23,0.17,AHe,"Piquer2017, Lithos",70.0,18.575851393188856
AN12JP001,-33.7160999,-70.1205294,2.72,0.13,AHe,"Piquer2017, Lithos",70.0,22.058823529411764
AN12JP005,-33.4407909,-70.1353082,2.13,0.1,AHe,"Piquer2017, Lithos",70.0,28.169014084507044
AN12JP014,-32.9144063,-70.3142007,4.04,0.27,AHe,"Piquer2017, Lithos",70.0,14.851485148514852
AN12JP013,-32.8509485,-70.1340407,2.11,0.2,AHe,"Piquer2017, Lithos",70.0,28.436018957345972
CHL15-03_a,-33.62443,-69.59748,13.4051835,2.322965364,AHe,"Riesner 2019, Sci Rep",70.0,4.475880542776606
CHL15-02B_a,-33.62332,-69.6071,17.48729325,6.159480478,AHe,"Riesner 2019, Sci Rep",70.0,3.4310627232147546
CL-7,-33.62142,-69.57244,16.3192472,3.743326557,AHe,"Riesner 2019, Sci Rep",70.0,3.6766401822750745
CHL15-07_a,-33.61652,-69.5505,10.50008975,2.733891263,AHe,"Riesner 2019, Sci Rep",70.0,5.714236871165792
CL-8,-33.612,-69.54445,13.8706594,3.535444149,AHe,"Riesner 2019, Sci Rep",70.0,4.325677552142907
CL-10,-33.60363,-69.43945,8.2793905,3.736085282,AHe,"Riesner 2019, Sci Rep",70.0,7.246910264710911
CHL14-25_a,-29.97052,-70.35397,25.52012867,2.828938427,AHe,"Riesner 2019, Sci Rep",70.0,2.351085324680693
CHL14-28_a,-29.95306,-70.41984,23.34513775,2.312438873,AHe,"Riesner 2019, Sci Rep",70.0,2.5701283343252066
CHL14-19_a,-29.94404,-70.32056,14.84483875,4.479591761,AHe,"Riesner 2019, Sci Rep",70.0,4.041808807118231
CHL14-17_a,-29.93229,-70.29498,10.958017,3.353859997,AHe,"Riesner 2019, Sci Rep",70.0,5.475443230285188
CHL14-21_a,-29.93016,-70.30965,14.6923025,3.860281871,AHe,"Riesner 2019, Sci Rep",70.0,4.08377107672538
CHL14-18_a,-29.90576,-70.5238,13.81296475,1.343516431,AHe,"Riesner 2019, Sci Rep",70.0,4.343745248463042
CHL12-03_a,-28.97393,-70.16832,19.74369583,4.3428441,AHe,"Riesner 2019, Sci Rep",70.0,3.0389447100796425
CHL12-04_a,-28.85351,-70.29635,23.0337268,0.673313459,AHe,"Riesner 2019, Sci Rep",70.0,2.604875907445425
LC11,-31.988,-70.588,5.6,2.8,AHe,"Rodriguez 2018, Tectonics ",70.0,10.714285714285715
LC15,-31.889,-70.732,10.5,2.2,AHe,"Rodriguez 2018, Tectonics ",70.0,5.714285714285714
LC04,-31.621,-70.991,28.5,4.0,AHe,"Rodriguez 2018, Tectonics ",70.0,2.1052631578947367
LC03,-31.612,-70.987,23.5,6.5,AHe,"Rodriguez 2018, Tectonics ",70.0,2.5531914893617023
LC02,-31.609,-70.981,31.5,1.6,AHe,"Rodriguez 2018, Tectonics ",70.0,1.9047619047619047
LC01,-31.607,-70.974,30.5,3.8,AHe,"Rodriguez 2018, Tectonics ",70.0,1.9672131147540983
LC08,-31.505,-70.8,11.8,0.8,AHe,"Rodriguez 2018, Tectonics ",70.0,5.084745762711864
LC07,-31.476,-70.726,15.5,0.9,AHe,"Rodriguez 2018, Tectonics ",70.0,3.870967741935484
LC18,-31.471,-70.765,12.5,4.5,AHe,"Rodriguez 2018, Tectonics ",70.0,4.8
LC16,-31.467,-70.765,17.4,3.9,AHe,"Rodriguez 2018, Tectonics ",70.0,3.4482758620689657
LC05,-31.464,-70.807,16.0,1.6,AHe,"Rodriguez 2018, Tectonics ",70.0,3.75
LC17,-31.464,-70.762,10.0,1.4,AHe,"Rodriguez 2018, Tectonics ",70.0,6.0
LL01,-31.176,-70.817,18.1,1.2,AHe,"Rodriguez 2018, Tectonics ",70.0,3.3149171270718227
LL02,-31.17,-70.826,17.6,2.7,AHe,"Rodriguez 2018, Tectonics ",70.0,3.4090909090909087
LL07,-30.765,-70.713,21.4,2.5,AHe,"Rodriguez 2018, Tectonics ",70.0,2.8037383177570097
LL06,-30.764,-70.703,19.0,3.4,AHe,"Rodriguez 2018, Tectonics ",70.0,3.1578947368421053
LL08,-30.378,-70.592,16.0,2.1,AHe,"Rodriguez 2018, Tectonics ",70.0,3.75
LE05,-29.975,-70.102,6.9,0.6,AHe,"Rodriguez 2018, Tectonics ",70.0,8.695652173913043
LE03,-29.913,-70.301,10.0,1.2,AHe,"Rodriguez 2018, Tectonics ",70.0,6.0
LE02,-29.846,-70.392,12.0,5.4,AHe,"Rodriguez 2018, Tectonics ",70.0,5.0
AN01,-35.852,-71.185,6.7,0.35,AHe,"Spikings 2008, J. Geol. Soc.",70.0,8.955223880597014
TE06,-35.048,-70.632,2.6,0.65,AHe,"Spikings 2008, J. Geol. Soc.",70.0,23.076923076923077
Clin26 Av,-34.824717,-70.564367,1.568945684,0.6,AHe,Stalder et al. (2020),70.0,38.24224166067434
Clin24 Av,-34.365,-70.32133333,1.401617586,0.3,AHe,Stalder et al. (2020),70.0,42.80768206628366
Clin25D Av,-34.07908333,-70.12373333,0.855036957,0.1,AHe,Stalder et al. (2020),70.0,70.1724054250441
Clin25C Av,-34.07631667,-70.1203,1.386602033,0.2,AHe,Stalder et al. (2020),70.0,43.27124767745094
Clin25B Av,-34.07615,-70.11466667,1.143660853,0.5,AHe,Stalder et al. (2020),70.0,52.46310551122798
Clin25A Av,-34.05855,-70.1182,0.519886974,0.2,AHe,Stalder et al. (2020),70.0,115.40970057080139
Clin18 Av,-33.8091,-70.21075,1.756506848,1.2,AHe,Stalder et al. (2020),70.0,34.15870542623697
Clin17 Av,-33.59595,-70.49153333,10.99516553,2.8,AHe,Stalder et al. (2020),70.0,5.4569437664482345
Clin22D Av,-33.50508333,-70.1289,3.461832463,1.2,AHe,Stalder et al. (2020),70.0,17.33186127326463
Clin22C Av,-33.50378333,-70.12371667,1.457237706,0.2,AHe,Stalder et al. (2020),70.0,41.17379048933284
Clin22B Av,-33.49915,-70.12478333,1.236697737,0.3,AHe,Stalder et al. (2020),70.0,48.51630127952599
Clin22A Av,-33.491,-70.13011667,1.477433671,0.3,AHe,Stalder et al. (2020),70.0,40.61096019247283
Clin15 Av,-32.88591667,-70.38045,4.985787676,1.1,AHe,Stalder et al. (2020),70.0,12.034206809251216
Clin16E Av,-32.54811667,-70.59203333,10.72510077,2.0,AHe,Stalder et al. (2020),70.0,5.594353030959914
Clin16D Av,-32.5447,-70.59281667,18.0725493,7.1,AHe,Stalder et al. (2020),70.0,3.3199522106159094
Clin16C Av,-32.53996667,-70.5969,19.95598821,4.2,AHe,Stalder et al. (2020),70.0,3.006616328322635
Clin16B Av,-32.53178333,-70.60231667,21.84355285,4.0,AHe,Stalder et al. (2020),70.0,2.746805907080267
Clin16A Av,-32.52338333,-70.62148333,4.393489068,0.4,AHe,Stalder et al. (2020),70.0,13.656572048172443
Clin5 Av,-32.33556667,-71.06701667,35.22436746,5.2,AHe,Stalder et al. (2020),70.0,1.7033662866518369
Clin12A Av,-32.32021667,-70.69691667,3.912242414,1.6,AHe,Stalder et al. (2020),70.0,15.336472961207459
Clin12B Av,-32.30841667,-70.70137231,9.594591319,0.2,AHe,Stalder et al. (2020),70.0,6.253523261713405
Clin12C Av,-32.29711667,-70.70861667,25.42423853,7.0,AHe,Stalder et al. (2020),70.0,2.3599526856704642
Clin12D Av,-32.28798333,-70.7192,18.43548938,3.0,AHe,Stalder et al. (2020),70.0,3.2545922032908896
Clin12E Av,-32.2808,-70.72095,31.81074901,14.1,AHe,Stalder et al. (2020),70.0,1.8861548962942827
Clin4 Av,-32.2572,-70.95128333,26.32264809,4.9,AHe,Stalder et al. (2020),70.0,2.279405924314813
Clin2 Av,-32.104,-70.7968,16.935564,5.1,AHe,Stalder et al. (2020),70.0,3.5428403801609445
Clin6 Av,-31.7836,-70.97476667,35.49548565,9.2,AHe,Stalder et al. (2020),70.0,1.6903557988084605
Clin10A Av,-31.70753333,-70.79555,18.88152224,6.4,AHe,Stalder et al. (2020),70.0,3.1777098921024285
Clin10B Av,-31.70748333,-70.81693333,25.03982552,3.4,AHe,Stalder et al. (2020),70.0,2.396182830909758
Clin10D Av,-31.66855,-70.81795,15.45369567,3.2,AHe,Stalder et al. (2020),70.0,3.882566428202478
Clin10E Av,-31.66276667,-70.81591667,29.17291336,5.6,AHe,Stalder et al. (2020),70.0,2.056702368378062
14NC18,-30.21728,-70.64494,17.87112682,5.5,AHe,Stalder et al. (2020),70.0,3.3573708364518224
14NC15,-30.1639,-70.49055,26.28993458,2.3,AHe,Stalder et al. (2020),70.0,2.2822422709885646
14NC06,-30.02587,-70.63086,12.10907079,1.7,AHe,Stalder et al. (2020),70.0,4.954963187559332
14NC05,-30.01792,-70.51904,16.57434091,3.3,AHe,Stalder et al. (2020),70.0,3.6200534504391344
14NC08,-29.98277,-71.06586,39.44892632,1.6,AHe,Stalder et al. (2020),70.0,1.5209539421502816
14NC14,-29.97656,-70.2627,20.28880814,5.9,AHe,Stalder et al. (2020),70.0,2.957295450081574
14NC03,-29.85375,-70.4994,14.83439222,4.3,AHe,Stalder et al. (2020),70.0,4.044655090021612
14NC01,-29.83442,-70.36855,19.31648396,3.3,AHe,Stalder et al. (2020),70.0,3.106155350230726
14NC12,-29.74901,-70.6661,15.51300118,1.9,AHe,Stalder et al. (2020),70.0,3.8677235503181984
14NC10,-29.64862,-70.97633,29.91687372,4.9,AHe,Stalder et al. (2020),70.0,2.0055571501740457
14NC22,-29.46239,-70.575,11.87026841,5.2,AHe,Stalder et al. (2020),70.0,5.05464560089084
14NC23,-29.45111,-70.5916,35.16383348,8.5,AHe,Stalder et al. (2020),70.0,1.7062986046196007
14NC21,-29.45088,-70.75471,29.61606859,4.7,AHe,Stalder et al. (2020),70.0,2.0259272366845904
14NC20,-29.41348,-70.85448,33.80501145,1.7,AHe,Stalder et al. (2020),70.0,1.7748847708199784
14NC31,-29.32224,-70.35366,19.5290221,2.6,AHe,Stalder et al. (2020),70.0,3.0723504583468113
14NC30,-29.17782,-70.34666,27.25205283,0.8,AHe,Stalder et al. (2020),70.0,2.2016690035897013
14NC26,-29.10278,-70.76056,37.6765607,1.4,AHe,Stalder et al. (2020),70.0,1.5925020459736388
14NC25,-29.05205,-70.88619,47.05412346,9.0,AHe,Stalder et al. (2020),70.0,1.275127355225416
14NC32,-29.00714,-70.30187,16.81112202,1.6,AHe,Stalder et al. (2020),70.0,3.5690657606683653
14NC24,-28.97198,-71.01383,55.50167814,8.4,AHe,Stalder et al. (2020),70.0,1.081048393683759
14NC29,-28.96211,-70.46111,13.245511,1.0,AHe,Stalder et al. (2020),70.0,4.529836561231952
Huasco87,-28.941463,-70.223362,30.19808668,2.3,AHe,Stalder et al. (2020),70.0,1.986880845657603
14NC27,-28.592238,-70.65405,43.72717123,3.3,AHe,Stalder et al. (2020),70.0,1.3721445570857247
14NC34,-28.56456,-70.54277,37.521693,3.4,AHe,Stalder et al. (2020),70.0,1.5990749671130244
14NC54,-28.18607,-69.81758,12.4892007,3.6,AHe,Stalder et al. (2020),70.0,4.804150517014271
14NC56,-28.11552,-69.75961,53.72451039,3.8,AHe,Stalder et al. (2020),70.0,1.116808688705483
14NC57,-28.10426,-69.77466,36.0790131,0.6,AHe,Stalder et al. (2020),70.0,1.6630166638344108
14NC58,-28.1041,-69.78497,36.93873707,2.4,AHe,Stalder et al. (2020),70.0,1.6243110825986882
RC-05,-35.36,-70.62,1.44,0.37,AHe,"Tapia 2015, J. Geodyn",70.0,41.66666666666667
RC-06,-35.33,-70.68,3.85,0.155563492,AHe,"Tapia 2015, J. Geodyn",70.0,15.584415584415584
RC-08,-35.31,-70.83,3.815,0.007071068,AHe,"Tapia 2015, J. Geodyn",70.0,15.727391874180865
16123GY_Av,-28.1365,-64.8103,6.5,3.225678223,AHe,"Zapata 2019, PhD Thesis",70.0,9.23076923076923
FC01,-30.14146,-69.5262,5.0,0.8,AHe,Fosdick et al 2015,70.0,12.0
JT01,-30.15287,-68.56559,12.3,1.4,AHe,Fosdick et al 2015,70.0,4.878048780487805
JT07,-30.20958,-68.8886,14.1,1.0,AHe,Fosdick et al 2015,70.0,4.25531914893617
JT12,-30.25276,-68.78512,11.7,4.1,AHe,Fosdick et al 2015,70.0,5.128205128205129
JT15,-30.17494,-69.12577,3.9,2.3,AHe,Fosdick et al 2015,70.0,15.384615384615385
SVF01,-30.15897,-68.05082,3.8,0.5,AHe,Fosdick et al 2015,70.0,15.789473684210527
RH10,-30.14859,-68.52666,5.7,1.9,AHe,Fosdick et al 2015,70.0,10.526315789473683
RF11,-30.62882,-68.78916,7.4,0.7,AHe,Fosdick et al 2015,70.0,8.108108108108107
HC02,-30.16406,-68.46072,2.6,0.8,AHe,Fosdick et al 2015,70.0,23.076923076923077
MAN01,-32.03068,-69.76515,7.2,2.6,AHe,Mackaman-Lofland et al. 2020,70.0,8.333333333333334
MAN05,-32.05806,-69.80676,11.0,1.0,AHe,Mackaman-Lofland et al. 2020,70.0,5.454545454545454
MAN07,-31.95837,-69.72343,8.9,2.5,AHe,Mackaman-Lofland et al. 2020,70.0,6.741573033707865
MAN11,-32.05325,-69.8333,11.5,1.0,AHe,Mackaman-Lofland et al. 2020,70.0,5.217391304347826
CO104,-32.30265,-70.029767,5.4,2.8,AHe,Mackaman-Lofland et al. 2020,70.0,11.11111111111111
CO201,-32.299611,-70.037581,10.5,4.0,AHe,Mackaman-Lofland et al. 2020,70.0,5.714285714285714
CO202,-32.298434,-70.041342,10.5,5.0,AHe,Mackaman-Lofland et al. 2020,70.0,5.714285714285714
CO301,-32.289767,-70.054017,7.9,2.6,AHe,Mackaman-Lofland et al. 2020,70.0,7.594936708860759
CO302,-32.295283,-70.061933,12.7,5.5,AHe,Mackaman-Lofland et al. 2020,70.0,4.724409448818898
TEA08,-32.20055,-70.193933,3.3,1.2,AHe,Mackaman-Lofland et al. 2020,70.0,18.181818181818183
TEA10,-32.198967,-70.18385,7.2,2.8,AHe,Mackaman-Lofland et al. 2020,70.0,8.333333333333334
PAU02,-31.333154,-69.081506,12.7,1.8,AHe,Levina et al. (2014),70.0,4.724409448818898
PAU04,-31.34548,-69.082805,8.8,1.5,AHe,Levina et al. (2014),70.0,6.8181818181818175
PAU11,-31.358122,-69.098089,9.7,1.7,AHe,Levina et al. (2014),70.0,6.185567010309279
TAL06,-30.989131,-68.803922,14.3,3.2,AHe,Levina et al. (2014),70.0,4.195804195804196
QA05,-31.534509,-68.853459,12.6,2.5,AHe,Levina et al. (2014),70.0,4.761904761904762
TAL09,-30.989811,-68.811523,12.6,1.4,AHe,Levina et al. (2014),70.0,4.761904761904762
TAL16,-30.996921,-68.835272,10.0,0.8,AHe,Levina et al. (2014),70.0,6.0
QA22,-31.537114,-68.857924,10.1,0.2,AHe,Levina et al. (2014),70.0,5.9405940594059405
MT22-4,-31.90954,-69.91807,9.38,1.07,AHe,"Howlett et al. (this study, Tectonics)",70.0,6.3965884861407245
MERC5200,-31.939426,-70.085849,13.29,1.78,AHe,"Howlett et al. (this study, Tectonics)",70.0,4.514672686230249
MERC6720,-31.979163,-70.112509,15.7,2.9,AHe,"Howlett et al. (this study, Tectonics)",70.0,3.821656050955414
ESP2928,-31.897238,-69.97273,10.47,1.13,AHe,"Howlett et al. (this study, Tectonics)",70.0,5.730659025787965
MCD5,-31.8988,-69.971061,156.0,5.0,ZHe,"Howlett et al. (this study, Tectonics)",180.0,1.0897435897435896
CH131-3,-35.8744,-69.8757,11.36666667,3.911947512,AHe,"Bande 2020, Springer",70.0,5.2785923738185945
CHO11-6,-35.5507,-69.59414,21.45,8.492055111,AHe,"Bande 2020, Springer",70.0,2.797202797202797
TOR12-6,-35.5148,-69.91351,8.066666667,0.711805217,AHe,"Bande 2020, Springer",70.0,7.438016528618264
TR01-6,-35.1861,-70.0798,4.2,0.940744386,AHe,"Bande 2020, Springer",70.0,14.285714285714285
TOR11-6,-34.9616,-69.68468,17.3,3.748599739,AHe,"Bande 2020, Springer",70.0,3.468208092485549
LAMA2-4,-34.80211,-69.71637,12.76666667,5.477529857,AHe,"Bande 2020, Springer",70.0,4.69973890216717
TR01,-35.18612,-70.0798,140.2,6.4,ZFT,"Bande 2020, Springer",240.0,1.6405135520684737
z10,-34.478,-70.852,106.0,8.0,ZFT,"Farias 2008, Tectonics",240.0,2.169811320754717
z13,-34.426,-70.14,14.1,1.5,ZFT,"Farias 2008, Tectonics",240.0,16.31205673758865
z12,-34.423,-70.166,90.9,8.4,ZFT,"Farias 2008, Tectonics",240.0,2.53025302530253
z14,-34.203,-70.59,11.1,0.6,ZFT,"Farias 2008, Tectonics",240.0,20.72072072072072
z4,-34.0,-70.997,97.5,3.3,ZFT,"Farias 2008, Tectonics",240.0,2.358974358974359
z3,-33.988,-70.988,81.8,3.2,ZFT,"Farias 2008, Tectonics",240.0,2.8117359413202934
z2,-33.959,-70.968,102.0,4.0,ZFT,"Farias 2008, Tectonics",240.0,2.2549019607843137
z1,-33.906,-70.655,36.6,1.4,ZFT,"Farias 2008, Tectonics",240.0,6.28415300546448
z6,-33.845,-70.082,112.0,6.0,ZFT,"Farias 2008, Tectonics",240.0,2.0535714285714284
z5,-33.486,-70.396,29.3,1.2,ZFT,"Farias 2008, Tectonics",240.0,7.849829351535836
z9,-32.539,-70.587,37.9,2.6,ZFT,"Farias 2008, Tectonics",240.0,6.068601583113456
z11,-32.529,-70.469,28.0,1.7,ZFT,"Farias 2008, Tectonics",240.0,8.214285714285714
z8,-32.502,-70.594,56.6,3.1,ZFT,"Farias 2008, Tectonics",240.0,4.063604240282685
z7,-32.487,-70.598,58.9,3.2,ZFT,"Farias 2008, Tectonics",240.0,3.904923599320883
ETP-7,-34.5961389,-70.24075,8.4,0.5,ZFT,"Maksaev 2009, Andean Geology",240.0,27.38095238095238
ETP-17,-34.5579722,-70.5424167,13.8,0.7,ZFT,"Maksaev 2009, Andean Geology",240.0,16.666666666666664
ETP-8A,-34.4421389,-70.1351944,11.2,1.0,ZFT,"Maksaev 2009, Andean Geology",240.0,20.53571428571429
ETP-8B,-34.4421389,-70.1351944,9.4,0.6,ZFT,"Maksaev 2009, Andean Geology",240.0,24.46808510638298
ETP-13,-34.2381389,-70.3226944,10.1,0.4,ZFT,"Maksaev 2009, Andean Geology",240.0,22.772277227722775
ETP-14,-34.2028611,-69.9268333,6.2,0.4,ZFT,"Maksaev 2009, Andean Geology",240.0,37.096774193548384
ETP-10A,-34.0868611,-70.1187222,11.6,1.0,ZFT,"Maksaev 2009, Andean Geology",240.0,19.82758620689655
ETP-12,-34.0429722,-70.2748333,5.8,0.3,ZFT,"Maksaev 2009, Andean Geology",240.0,39.6551724137931
ETP-11,-34.0098611,-70.0199444,6.8,0.5,ZFT,"Maksaev 2009, Andean Geology",240.0,33.82352941176471
ETP-3,-33.82475,-70.2148333,15.5,0.7,ZFT,"Maksaev 2009, Andean Geology",240.0,14.838709677419354
ETP-4,-33.8103889,-70.2095,11.4,0.6,ZFT,"Maksaev 2009, Andean Geology",240.0,20.175438596491226
TT-189,-33.1443333,-70.2533333,5.3,0.3,ZFT,"Maksaev 2009, Andean Geology",240.0,43.39622641509434
TT-188,-33.1398889,-70.2677778,6.1,0.3,ZFT,"Maksaev 2009, Andean Geology",240.0,37.704918032786885
TT-190,-33.1208333,-70.2472222,8.7,0.7,ZFT,"Maksaev 2009, Andean Geology",240.0,26.436781609195403
kw1-12,-34.9882,-70.3636,133.6,13.1,ZFT,"Waite 2005, PhD Thesis",240.0,1.721556886227545
kw2-32,-34.988,-70.4246,170.5,20.2,ZFT,"Waite 2005, PhD Thesis",240.0,1.348973607038123
kw2-33,-34.9879,-70.427,23.0,1.9,ZFT,"Waite 2005, PhD Thesis",240.0,10.0
kw1-11,-34.9872,-70.3689,136.2,16.5,ZFT,"Waite 2005, PhD Thesis",240.0,1.6886930983847286
kw2-34,-34.9815,-70.4359,35.4,4.2,ZFT,"Waite 2005, PhD Thesis",240.0,6.497175141242938
kw3-09,-34.9813,-70.4236,86.4,7.7,ZFT,"Waite 2005, PhD Thesis",240.0,2.6620370370370368
kw1-14,-34.9809,-70.3865,106.3,9.3,ZFT,"Waite 2005, PhD Thesis",240.0,2.1636876763875823
kw1-13,-34.980633,-70.377227,131.0,13.6,ZFT,"Waite 2005, PhD Thesis",240.0,1.7557251908396947
kw2-13,-34.9803,-70.3672,113.8,13.3,ZFT,"Waite 2005, PhD Thesis",240.0,2.0210896309314585
kw2-35,-34.9759,-70.4603,15.5,1.5,ZFT,"Waite 2005, PhD Thesis",240.0,14.838709677419354
kw2-36,-34.9721,-70.4561,19.8,2.5,ZFT,"Waite 2005, PhD Thesis",240.0,11.616161616161616
kw2-41,-34.9694,-70.4028,125.8,10.7,ZFT,"Waite 2005, PhD Thesis",240.0,1.8282988871224166
kw3-16,-34.9671,-70.4049,109.2,12.1,ZFT,"Waite 2005, PhD Thesis",240.0,2.1062271062271063
kw2-11,-34.966,-70.4382,90.5,10.9,ZFT,"Waite 2005, PhD Thesis",240.0,2.541436464088398
kw1-6,-34.9659,-70.4348,66.5,6.1,ZFT,"Waite 2005, PhD Thesis",240.0,3.4586466165413534
kw3-02,-34.9623,-70.4336,68.7,7.6,ZFT,"Waite 2005, PhD Thesis",240.0,3.347889374090247
kw2-5,-34.9583,-70.4255,125.5,16.5,ZFT,"Waite 2005, PhD Thesis",240.0,1.8326693227091633
kw2-2,-34.9547,-70.4309,124.1,13.8,ZFT,"Waite 2005, PhD Thesis",240.0,1.8533440773569703
kw2-6,-34.9543,-70.435,62.8,5.4,ZFT,"Waite 2005, PhD Thesis",240.0,3.6624203821656054
kw2-7,-34.9529,-70.4326,67.7,10.4,ZFT,"Waite 2005, PhD Thesis",240.0,3.397341211225997
kw1-3,-34.9482,-70.4275,73.6,7.0,ZFT,"Waite 2005, PhD Thesis",240.0,3.1250000000000004
TF9-16,-34.9338,-70.3678,109.6,15.1,ZFT,"Waite 2005, PhD Thesis",240.0,2.0985401459854014
kw2-45,-34.9232,-70.4369,19.5,1.9,ZFT,"Waite 2005, PhD Thesis",240.0,11.794871794871796
kw2-31,-34.894,-70.5199,42.6,10.5,ZFT,"Waite 2005, PhD Thesis",240.0,5.39906103286385
kw2-54,-34.8802,-70.5415,76.3,17.1,ZFT,"Waite 2005, PhD Thesis",240.0,3.014416775884666
kw2-57,-34.8641,-70.5536,14.2,1.6,ZFT,"Waite 2005, PhD Thesis",240.0,16.19718309859155
APM 20-09,-35.09387,-65.45101,202.175,40.97091448,ZHe,"Bense 2013, JSAES",180.0,0.840855694324224
APM 28-08,-34.031,-66.5465,211.8,46.84919067,ZHe,"Bense 2013, JSAES",180.0,0.8026440037771482
AUY 27-10,-33.13835,-65.37598,306.8,37.61808076,ZHe,"Bense 2013, JSAES",180.0,0.5541069100391134
AUY 29-10,-32.92813,-65.16814,275.7,12.45,ZHe,"Bense 2013, JSAES",180.0,0.6166122597025753
APM 51-08,-32.86667,-66.922,293.0,38.00473655,ZHe,"Bense 2013, JSAES",180.0,0.5802047781569966
AUY 30-10,-32.81117,-65.21731,205.8333333,26.19662828,ZHe,"Bense 2013, JSAES",180.0,0.8259109313078399
APM 39-08,-32.76417,-66.11933,237.3,5.381449619,ZHe,"Bense 2013, JSAES",180.0,0.7163927517909818
APM 40-08,-32.7395,-66.16617,277.225,7.338199143,ZHe,"Bense 2013, JSAES",180.0,0.6132203084137433
APM 47-08,-32.704,-66.189,247.2,37.15857909,ZHe,"Bense 2013, JSAES",180.0,0.6877022653721683
APM 46-08,-32.6865,-66.17167,240.6,75.85044496,ZHe,"Bense 2013, JSAES",180.0,0.7065669160432253
APM 45-08,-32.66633,-66.156,304.24,33.46338297,ZHe,"Bense 2013, JSAES",180.0,0.5587693925848014
APM 20-08,-32.310166,-65.2765,264.2625,28.52173484,ZHe,"Bense 2013, JSAES",180.0,0.6432997493023036
APM 02-08 ,-32.08067,-64.63,222.7333333,40.37045124,ZHe,"Bense 2013, JSAES",180.0,0.7632445376778276
AUY 49-10,-31.59147,-64.50304,234.3,63.12495545,ZHe,"Bense 2013, JSAES",180.0,0.7255655142979086
APM 16-09,-31.44892,-67.36539,244.525,25.73264788,ZHe,"Bense 2013, JSAES",180.0,0.695225437071874
APM 55-08,-31.374,-65.37667,307.68,24.37872023,ZHe,"Bense 2013, JSAES",180.0,0.5525221008840353
APM 59-08,-31.35883,-65.426,280.75,30.61772363,ZHe,"Bense 2013, JSAES",180.0,0.6055209260908282
AUY 38-10,-31.35132,-65.43324,302.4333333,28.85850539,ZHe,"Bense 2013, JSAES",180.0,0.5621073515443742
APM 15-09,-30.63729,-67.49066,352.8,17.33416665,ZHe,"Bense 2013, JSAES",180.0,0.48185941043083896
APM 12-09,-30.5624,-67.54256,336.525,11.18224038,ZHe,"Bense 2013, JSAES",180.0,0.5051630636654038
28TR2,-30.76935,-66.4435,378.0,39.0,ZHe,"Enkelmann 2014, Lithosphere",180.0,0.4497354497354497
28TR4,-30.6521,-66.37543333,338.0,43.0,ZHe,"Enkelmann 2014, Lithosphere",180.0,0.5029585798816568
29TR3,-30.65193333,-66.28418333,355.0,25.0,ZHe,"Enkelmann 2014, Lithosphere",180.0,0.4788732394366197
28TR6,-30.51028333,-66.52526667,289.0,51.0,ZHe,"Enkelmann 2014, Lithosphere",180.0,0.5882352941176471
APM 11-08,-32.055,-64.951,251.9333333,25.36066508,ZHe,"Löbens 2011, Int J Earth Sci",180.0,0.6747816883666026
APM 09-08,-32.0542,-64.93595,263.2,13.31014651,ZHe,"Löbens 2011, Int J Earth Sci",180.0,0.6458966565349544
APM 12-08,-32.054,-64.962,231.7,9.968450231,ZHe,"Löbens 2011, Int J Earth Sci",180.0,0.73370738023306
APM 15-08,-32.04696667,-65.02935,189.3,52.32236615,ZHe,"Löbens 2011, Int J Earth Sci",180.0,0.8980454305335446
AUY 59-10,-31.3875,-67.98222222,334.6,30.68924893,ZHe,"Löbens 2013, JSAES",180.0,0.5080693365212193
A5-10,-31.37777778,-68.14333333,278.85,27.08218972,ZHe,"Löbens 2013, JSAES",180.0,0.6096467634929172
AUY 57-10,-31.375,-67.97055556,303.2,15.05,ZHe,"Löbens 2013, JSAES",180.0,0.5606860158311345
AN12JP018,-33.9900031,-70.4260479,5.01,0.32,ZHe,"Piquer2017, Lithos",180.0,33.93213572854292
AN12JP008,-33.1019675,-70.2810118,2.76,0.23,ZHe,"Piquer2017, Lithos",180.0,61.594202898550726
AN12JP011,-32.8859106,-70.3806021,9.71,0.23,ZHe,"Piquer2017, Lithos",180.0,17.507723995880536
AN12JP013,-32.8509485,-70.1340407,5.17,0.09,ZHe,"Piquer2017, Lithos",180.0,32.88201160541586
CHL15-02B_z,-33.62332,-69.6071,226.9433333,20.84505777,ZHe,"Riesner 2019, Sci Rep",180.0,0.7490856749480906
CHL15-07_z,-33.61652,-69.5505,209.47,2.734081199,ZHe,"Riesner 2019, Sci Rep",180.0,0.8115720628252255
CL-8,-33.612,-69.54445,178.9366667,12.3599528,ZHe,"Riesner 2019, Sci Rep",180.0,0.9500568169463951
CL-10,-33.60363,-69.43945,41.97,17.14030338,ZHe,"Riesner 2019, Sci Rep",180.0,4.050512270669526
CHL14-25_z,-29.97052,-70.35397,201.16,107.0362924,ZHe,"Riesner 2019, Sci Rep",180.0,0.8450984291111553
CHL14-28_z,-29.95306,-70.41984,67.67,4.845853898,ZHe,"Riesner 2019, Sci Rep",180.0,2.5121915176592284
CHL14-19_z,-29.94404,-70.32056,79.38,22.74092566,ZHe,"Riesner 2019, Sci Rep",180.0,2.1415973796926178
CHL14-21_z,-29.93016,-70.30965,70.07333333,23.70907913,ZHe,"Riesner 2019, Sci Rep",180.0,2.4260298735812973
CHL14-18_z,-29.90576,-70.5238,61.91333333,14.27986461,ZHe,"Riesner 2019, Sci Rep",180.0,2.7457736622561524
VI04,-35.622,-71.045,12.8,0.5,ZHe,"Spikings 2008, J. Geol. Soc.",180.0,13.28125
TE06,-35.048,-70.632,5.8,0.3,ZHe,"Spikings 2008, J. Geol. Soc.",180.0,29.310344827586206
Huasco75,-28.96953,-70.223144,101.6340038,1.453125806,ZHe,Stalder et al. (2020),180.0,1.6726685326156558
Huasco87,-28.941463,-70.223362,229.272868,71.7,ZHe,Stalder et al. (2020),180.0,0.7414745647095059
Huasco73,-28.859497,-70.324024,112.1945545,19.6,ZHe,Stalder et al. (2020),180.0,1.5152250548844597
Huasco54,-28.849683,-70.295205,50.87552989,17.8,ZHe,Stalder et al. (2020),180.0,3.3414885381550565
Laguna57,-28.791733,-70.006892,46.52457993,1.203022859,ZHe,Stalder et al. (2020),180.0,3.65398248099776
Huasco52,-28.775114,-70.419593,50.22322998,17.1,ZHe,Stalder et al. (2020),180.0,3.384887831143034
Huasco55,-28.721541,-70.522948,51.93594119,0.957705332,ZHe,Stalder et al. (2020),180.0,3.27326310267643
FC01,-30.14146,-69.5262,207.9,6.8,ZHe,Fosdick et al 2015,180.0,0.8177008177008177
JT07,-30.20958,-68.8886,234.6,11.7,ZHe,Fosdick et al 2015,180.0,0.7246376811594203
JT10,-30.21938,-68.99572,258.6,10.7,ZHe,Fosdick et al 2015,180.0,0.6573859242072698
JT15,-30.17494,-69.12577,239.2,10.0,ZHe,Fosdick et al 2015,180.0,0.7107023411371238
SVF01,-30.15897,-68.05082,218.6,7.3,ZHe,Fosdick et al 2015,180.0,0.777676120768527
A-8,-31.530911,-70.441439,14.3,0.3,AHe,Maydagán et al. (2020),70.0,4.195804195804196
A-24,-31.552168,-70.431922,11.87,0.15,AHe,Maydagán et al. (2020),70.0,5.054759898904802
