experiment,stage,time_yr,pft,biomass_molC_per_m3_areamean
main,baseline,49.5,1,1.4136680251769181e-15
main,baseline,49.5,2,7.724765651358906e-14
main,baseline,49.5,3,2.0087974523814306e-13
main,baseline,49.5,4,4.631256858046717e-13
main,baseline,49.5,5,1.6289273532463233e-12
main,baseline,49.5,6,0.00039487401954829693
main,baseline,49.5,7,0.0007502957014366984
main,baseline,49.5,8,0.0011974661611020565
main,baseline,49.5,9,0.003554141614586115
main,baseline,49.5,10,0.011888946406543255
main,baseline,49.5,11,0.022465841844677925
main,baseline,49.5,12,0.03808854892849922
main,baseline,49.5,13,0.05074504017829895
main,baseline,49.5,14,0.05315208435058594
main,baseline,49.5,15,0.04574057459831238
main,baseline,49.5,16,0.036396194249391556
main,baseline,49.5,17,0.027735035866498947
main,baseline,49.5,18,0.020807664841413498
main,baseline,49.5,19,0.015216502360999584
main,baseline,49.5,20,0.010968654416501522
main,baseline,49.5,21,0.007757201790809631
main,baseline,49.5,22,0.005216310732066631
main,baseline,49.5,23,0.0032729662489145994
main,baseline,49.5,24,0.001884269411675632
main,baseline,49.5,25,0.0009094063425436616
main,baseline,49.5,26,0.0003110195102635771
main,baseline,49.5,27,1.4845762962067965e-05
main,baseline,49.5,28,4.592458818829595e-14
main,baseline,49.5,29,4.6083264564370993e-14
main,baseline,49.5,30,4.6425072851774205e-14
main,baseline,49.5,31,4.731351893388566e-14
main,baseline,49.5,32,4.902723599277056e-14
main,baseline,49.5,33,6.443889882410889e-14
main,baseline,49.5,34,1.729607396975391e-13
main,baseline,49.5,35,3.4752737254790944e-13
main,baseline,49.5,36,1.5101141908127613e-12
main,baseline,49.5,37,1.4865924463647318e-11
main,baseline,49.5,38,2.2504914598542314e-10
main,baseline,49.5,39,1.1249933429269277e-08
main,baseline,49.5,40,9.956822032108903e-05
main,baseline,49.5,41,0.0009234325843863189
main,baseline,49.5,42,0.0025811621453613043
main,baseline,49.5,43,0.005109553690999746
main,baseline,49.5,44,0.008010685443878174
main,baseline,49.5,45,0.011786739341914654
main,baseline,49.5,46,0.015367159619927406
main,baseline,49.5,47,0.019034381955862045
main,baseline,49.5,48,0.022773750126361847
main,baseline,49.5,49,0.02645086497068405
main,baseline,49.5,50,0.03015846014022827
main,baseline,49.5,51,0.033819980919361115
main,baseline,49.5,52,0.037452634423971176
main,baseline,49.5,53,0.041142214089632034
main,baseline,49.5,54,0.04480862244963646
main,baseline,49.5,55,0.04836411029100418
main,baseline,49.5,56,0.05144059658050537
main,baseline,49.5,57,0.05015988275408745
main,baseline,49.5,58,0.050219543278217316
main,baseline,49.5,59,0.048480063676834106
main,baseline,49.5,60,0.045828089118003845
main,baseline,49.5,61,0.041674744337797165
main,baseline,49.5,62,0.03539659455418587
main,baseline,49.5,63,0.02772676572203636
main,baseline,49.5,64,0.0140919154509902
main,baseline,49.5,65,7.92646740480291e-15
main,baseline,49.5,66,4.396079989832727e-14
main,baseline,49.5,67,1.22071542327587e-13
main,baseline,49.5,68,3.279347821939782e-13
main,baseline,49.5,69,8.351453751644089e-13
main,baseline,49.5,70,4.5965137078496365e-12
main,baseline,49.5,71,1.6908552682992628e-11
main,baseline,49.5,72,0.00021152393310330808
main,baseline,49.5,73,0.0018178754253312945
main,baseline,49.5,74,0.007584786973893642
main,baseline,49.5,75,0.017793843522667885
main,baseline,49.5,76,0.024815592914819717
main,baseline,49.5,77,0.025667404755949974
main,baseline,49.5,78,0.024789754301309586
main,baseline,49.5,79,0.02298719808459282
main,baseline,49.5,80,0.02081308886408806
main,baseline,49.5,81,0.018693864345550537
main,baseline,49.5,82,0.01693723537027836
main,baseline,49.5,83,0.015419301576912403
main,baseline,49.5,84,0.014095092192292213
main,baseline,49.5,85,0.01282195933163166
main,baseline,49.5,86,0.011466996744275093
main,baseline,49.5,87,0.010078373365104198
main,baseline,49.5,88,0.008617267943918705
main,baseline,49.5,89,0.007161883171647787
main,baseline,49.5,90,0.005483895540237427
main,baseline,49.5,91,0.0038536647334694862
main,baseline,49.5,92,0.002627449342980981
main,baseline,49.5,93,0.0016550119034945965
main,baseline,49.5,94,0.0009440745925530791
main,baseline,49.5,95,0.0005024418933317065
main,baseline,49.5,96,0.00022722347057424486
main,baseline,49.5,97,0.005661080591380596
main,baseline,49.5,98,0.0048984382301568985
main,baseline,49.5,99,0.0038619658444076777
main,baseline,49.5,100,0.002062341896817088
main,baseline,49.5,101,0.000824744813144207
main,baseline,49.5,102,0.0001992216130020097
main,baseline,49.5,103,2.4437185857095756e-05
main,baseline,49.5,104,7.346303050326242e-07
main,baseline,49.5,105,2.553279045969248e-06
main,baseline,49.5,106,1.2444967978808563e-05
main,baseline,49.5,107,0.00033092952799052
main,baseline,49.5,108,0.002723933896049857
main,baseline,49.5,109,0.0074999211356043816
main,baseline,49.5,110,0.011651922948658466
main,baseline,49.5,111,0.0099740419536829
main,baseline,49.5,112,0.0027295812033116817
main,post_impact,199.5,1,3.4556776373026075e-16
main,post_impact,199.5,2,8.389975183781956e-14
main,post_impact,199.5,3,2.1656378676026405e-13
main,post_impact,199.5,4,4.982859285775076e-13
main,post_impact,199.5,5,1.8301133178355578e-12
main,post_impact,199.5,6,0.0004968980210833251
main,post_impact,199.5,7,0.003045337740331888
main,post_impact,199.5,8,0.018029892817139626
main,post_impact,199.5,9,0.02778218500316143
main,post_impact,199.5,10,0.054397109895944595
main,post_impact,199.5,11,0.08950154483318329
main,post_impact,199.5,12,0.003871415974572301
main,post_impact,199.5,13,5.0393340894497665e-14
main,post_impact,199.5,14,5.521973462795267e-14
main,post_impact,199.5,15,5.5219026508408764e-14
main,post_impact,199.5,16,5.515549903736469e-14
main,post_impact,199.5,17,5.498077985726865e-14
main,post_impact,199.5,18,5.4194692624635193e-14
main,post_impact,199.5,19,5.149436175318385e-14
main,post_impact,199.5,20,4.790017395315399e-14
main,post_impact,199.5,21,4.3437763829661316e-14
main,post_impact,199.5,22,3.7037918305254935e-14
main,post_impact,199.5,23,2.9250138146004814e-14
main,post_impact,199.5,24,2.244012538722001e-14
main,post_impact,199.5,25,1.6419681166481882e-14
main,post_impact,199.5,26,1.3122482599517166e-14
main,post_impact,199.5,27,1.1440450502090208e-14
main,post_impact,199.5,28,1.1371639239521163e-14
main,post_impact,199.5,29,1.1553138071327025e-14
main,post_impact,199.5,30,1.1752409348432177e-14
main,post_impact,199.5,31,1.1932110776323966e-14
main,post_impact,199.5,32,1.2094902885489717e-14
main,post_impact,199.5,33,9.07050843160543e-16
main,post_impact,199.5,34,7.043937512207776e-05
main,post_impact,199.5,35,0.00028341857250779867
main,post_impact,199.5,36,0.002339684870094061
main,post_impact,199.5,37,0.004911965690553188
main,post_impact,199.5,38,0.0014603541931137443
main,post_impact,199.5,39,1.576262923896725e-14
main,post_impact,199.5,40,2.126381176985239e-14
main,post_impact,199.5,41,3.5246111584896767e-14
main,post_impact,199.5,42,5.056679968956819e-14
main,post_impact,199.5,43,5.5537148366474956e-14
main,post_impact,199.5,44,5.558346073989903e-14
main,post_impact,199.5,45,5.56419602233682e-14
main,post_impact,199.5,46,5.563484514661127e-14
main,post_impact,199.5,47,5.559425193964705e-14
main,post_impact,199.5,48,5.545805242986035e-14
main,post_impact,199.5,49,5.5377909560522937e-14
main,post_impact,199.5,50,5.531335887367858e-14
main,post_impact,199.5,51,5.529805807051938e-14
main,post_impact,199.5,52,5.522386814873527e-14
main,post_impact,199.5,53,5.5214855718176484e-14
main,post_impact,199.5,54,5.5194855576225915e-14
main,post_impact,199.5,55,5.5050788824425115e-14
main,post_impact,199.5,56,5.490415048059645e-14
main,post_impact,199.5,57,5.3851698491105826e-14
main,post_impact,199.5,58,5.294283213870196e-14
main,post_impact,199.5,59,5.112680366418411e-14
main,post_impact,199.5,60,4.9086148828317994e-14
main,post_impact,199.5,61,4.59620541496189e-14
main,post_impact,199.5,62,4.181673928026035e-14
main,post_impact,199.5,63,3.746477208869427e-14
main,post_impact,199.5,64,3.143393477369333e-14
main,post_impact,199.5,65,7.073819370262142e-16
main,post_impact,199.5,66,2.5284189279490936e-14
main,post_impact,199.5,67,2.5494902955273957e-13
main,post_impact,199.5,68,1.7461284154696166e-12
main,post_impact,199.5,69,9.631861280778864e-12
main,post_impact,199.5,70,0.0004563989641610533
main,post_impact,199.5,71,0.006300723645836115
main,post_impact,199.5,72,0.02159244753420353
main,post_impact,199.5,73,0.059449438005685806
main,post_impact,199.5,74,0.13414807617664337
main,post_impact,199.5,75,0.442673921585083
main,post_impact,199.5,76,0.000917735742405057
main,post_impact,199.5,77,5.541430487220056e-14
main,post_impact,199.5,78,5.5362192017153686e-14
main,post_impact,199.5,79,5.530918130718272e-14
main,post_impact,199.5,80,5.526944529756113e-14
main,post_impact,199.5,81,5.5195756819281794e-14
main,post_impact,199.5,82,5.516102846844437e-14
main,post_impact,199.5,83,5.508233910764444e-14
main,post_impact,199.5,84,5.493411850627031e-14
main,post_impact,199.5,85,5.4717416985176556e-14
main,post_impact,199.5,86,5.380776458619764e-14
main,post_impact,199.5,87,5.193060404981055e-14
main,post_impact,199.5,88,4.948124226436708e-14
main,post_impact,199.5,89,4.638551980126922e-14
main,post_impact,199.5,90,4.277855874439476e-14
main,post_impact,199.5,91,3.914004740430098e-14
main,post_impact,199.5,92,3.532874473109911e-14
main,post_impact,199.5,93,3.202840282486713e-14
main,post_impact,199.5,94,2.9331971693104947e-14
main,post_impact,199.5,95,2.7264457442481398e-14
main,post_impact,199.5,96,2.609709865743215e-14
main,post_impact,199.5,97,3.612030379657183e-14
main,post_impact,199.5,98,3.411460770450479e-14
main,post_impact,199.5,99,3.191366712996385e-14
main,post_impact,199.5,100,2.8866472878480084e-14
main,post_impact,199.5,101,2.6031228293255972e-14
main,post_impact,199.5,102,2.344853843971699e-14
main,post_impact,199.5,103,2.225643274008076e-14
main,post_impact,199.5,104,2.207004991630103e-14
main,post_impact,199.5,105,2.331223050971304e-13
main,post_impact,199.5,106,6.230882780219882e-13
main,post_impact,199.5,107,4.3845377090297177e-13
main,post_impact,199.5,108,3.892878044659681e-14
main,post_impact,199.5,109,3.4143217089331254e-14
main,post_impact,199.5,110,3.3243508857153103e-14
main,post_impact,199.5,111,3.109986497929623e-14
main,post_impact,199.5,112,2.597505815039175e-14
size_effect,baseline,49.5,1,1.4136680251769181e-15
size_effect,baseline,49.5,2,7.72944127322775e-14
size_effect,baseline,49.5,3,2.0119864975465251e-13
size_effect,baseline,49.5,4,4.648877311753952e-13
size_effect,baseline,49.5,5,1.634297840287513e-12
size_effect,baseline,49.5,6,0.0003352330531924963
size_effect,baseline,49.5,7,0.0008292480488307774
size_effect,baseline,49.5,8,0.001183912972919643
size_effect,baseline,49.5,9,0.003598930547013879
size_effect,baseline,49.5,10,0.011478971689939499
size_effect,baseline,49.5,11,0.02195850946009159
size_effect,baseline,49.5,12,0.03767068684101105
size_effect,baseline,49.5,13,0.050620391964912415
size_effect,baseline,49.5,14,0.05357180908322334
size_effect,baseline,49.5,15,0.04641280695796013
size_effect,baseline,49.5,16,0.037188753485679626
size_effect,baseline,49.5,17,0.028551511466503143
size_effect,baseline,49.5,18,0.021624436601996422
size_effect,baseline,49.5,19,0.015938635915517807
size_effect,baseline,49.5,20,0.011526500806212425
size_effect,baseline,49.5,21,0.008161166682839394
size_effect,baseline,49.5,22,0.005502463784068823
size_effect,baseline,49.5,23,0.0034511673729866743
size_effect,baseline,49.5,24,0.001983306370675564
size_effect,baseline,49.5,25,0.0009521588799543679
size_effect,baseline,49.5,26,0.00032654570532031357
size_effect,baseline,49.5,27,1.848343526944518e-05
size_effect,baseline,49.5,28,4.273613933439627e-14
size_effect,baseline,49.5,29,4.31293049234574e-14
size_effect,baseline,49.5,30,4.370855687476673e-14
size_effect,baseline,49.5,31,4.474036836539866e-14
size_effect,baseline,49.5,32,4.6494394028177496e-14
size_effect,baseline,49.5,33,5.083514989165372e-14
size_effect,baseline,49.5,34,1.5075802748103911e-13
size_effect,baseline,49.5,35,3.0081067302865916e-13
size_effect,baseline,49.5,36,1.4492027369805704e-12
size_effect,baseline,49.5,37,1.4936643935592464e-11
size_effect,baseline,49.5,38,2.2910501273898376e-10
size_effect,baseline,49.5,39,1.1529279753119681e-08
size_effect,baseline,49.5,40,0.00010523093806114048
size_effect,baseline,49.5,41,0.0009692328167147934
size_effect,baseline,49.5,42,0.0026927078142762184
size_effect,baseline,49.5,43,0.005301044322550297
size_effect,baseline,49.5,44,0.008275933563709259
size_effect,baseline,49.5,45,0.012001576833426952
size_effect,baseline,49.5,46,0.015554981306195259
size_effect,baseline,49.5,47,0.019239800050854683
size_effect,baseline,49.5,48,0.023092499002814293
size_effect,baseline,49.5,49,0.026797080412507057
size_effect,baseline,49.5,50,0.030512243509292603
size_effect,baseline,49.5,51,0.03417528420686722
size_effect,baseline,49.5,52,0.037796683609485626
size_effect,baseline,49.5,53,0.04140107333660126
size_effect,baseline,49.5,54,0.045031771063804626
size_effect,baseline,49.5,55,0.04865700751543045
size_effect,baseline,49.5,56,0.05187658965587616
size_effect,baseline,49.5,57,0.050929322838783264
size_effect,baseline,49.5,58,0.05164382979273796
size_effect,baseline,49.5,59,0.0504891537129879
size_effect,baseline,49.5,60,0.04853552207350731
size_effect,baseline,49.5,61,0.04480917006731033
size_effect,baseline,49.5,62,0.038447171449661255
size_effect,baseline,49.5,63,0.0304587222635746
size_effect,baseline,49.5,64,0.016577186062932014
size_effect,baseline,49.5,65,6.552249621507005e-15
size_effect,baseline,49.5,66,3.9719160442206955e-14
size_effect,baseline,49.5,67,1.1451813618484213e-13
size_effect,baseline,49.5,68,3.141891315259354e-13
size_effect,baseline,49.5,69,8.163274201576642e-13
size_effect,baseline,49.5,70,4.541964460785808e-12
size_effect,baseline,49.5,71,1.666555088375432e-11
size_effect,baseline,49.5,72,0.00020603656594175845
size_effect,baseline,49.5,73,0.0017881460953503847
size_effect,baseline,49.5,74,0.007487857714295387
size_effect,baseline,49.5,75,0.017680002376437187
size_effect,baseline,49.5,76,0.02487456239759922
size_effect,baseline,49.5,77,0.025943391025066376
size_effect,baseline,49.5,78,0.02521594427525997
size_effect,baseline,49.5,79,0.023449983447790146
size_effect,baseline,49.5,80,0.021260995417833328
size_effect,baseline,49.5,81,0.019109364598989487
size_effect,baseline,49.5,82,0.017311381176114082
size_effect,baseline,49.5,83,0.015787828713655472
size_effect,baseline,49.5,84,0.014471898786723614
size_effect,baseline,49.5,85,0.013229620642960072
size_effect,baseline,49.5,86,0.011933223344385624
size_effect,baseline,49.5,87,0.010579613968729973
size_effect,baseline,49.5,88,0.009132258594036102
size_effect,baseline,49.5,89,0.007664298173040152
size_effect,baseline,49.5,90,0.005917240399867296
size_effect,baseline,49.5,91,0.0042373547330498695
size_effect,baseline,49.5,92,0.0029539798852056265
size_effect,baseline,49.5,93,0.0019170644227415323
size_effect,baseline,49.5,94,0.0011065314756706357
size_effect,baseline,49.5,95,0.0005859971861355007
size_effect,baseline,49.5,96,0.0002920750412158668
size_effect,baseline,49.5,97,0.005958183202892542
size_effect,baseline,49.5,98,0.005158784333616495
size_effect,baseline,49.5,99,0.0040854779072105885
size_effect,baseline,49.5,100,0.002229851670563221
size_effect,baseline,49.5,101,0.0009288440924137831
size_effect,baseline,49.5,102,0.00024352878972422332
size_effect,baseline,49.5,103,3.293101326562464e-05
size_effect,baseline,49.5,104,1.8916532553703291e-06
size_effect,baseline,49.5,105,3.5853390727424994e-06
size_effect,baseline,49.5,106,1.5666706531192176e-05
size_effect,baseline,49.5,107,0.0003862059093080461
size_effect,baseline,49.5,108,0.002978577045723796
size_effect,baseline,49.5,109,0.00816368218511343
size_effect,baseline,49.5,110,0.01261208951473236
size_effect,baseline,49.5,111,0.010989653877913952
size_effect,baseline,49.5,112,0.0032783097121864557
size_effect,post_impact,199.5,1,3.4556776373026075e-16
size_effect,post_impact,199.5,2,8.380909220740904e-14
size_effect,post_impact,199.5,3,2.1632568241065908e-13
size_effect,post_impact,199.5,4,4.984025887312671e-13
size_effect,post_impact,199.5,5,1.8334782476980838e-12
size_effect,post_impact,199.5,6,0.0004182765551377088
size_effect,post_impact,199.5,7,0.0037292735651135445
size_effect,post_impact,199.5,8,0.0176011361181736
size_effect,post_impact,199.5,9,0.02716653235256672
size_effect,post_impact,199.5,10,0.05021044239401817
size_effect,post_impact,199.5,11,0.07921077311038971
size_effect,post_impact,199.5,12,0.0013523729285225272
size_effect,post_impact,199.5,13,5.032307104119345e-14
size_effect,post_impact,199.5,14,5.513337453678241e-14
size_effect,post_impact,199.5,15,5.520024948203403e-14
size_effect,post_impact,199.5,16,5.5123081392407375e-14
size_effect,post_impact,199.5,17,5.497040878586247e-14
size_effect,post_impact,199.5,18,5.421497059339246e-14
size_effect,post_impact,199.5,19,5.1837362662976796e-14
size_effect,post_impact,199.5,20,4.8647602602074763e-14
size_effect,post_impact,199.5,21,4.4308174886259835e-14
size_effect,post_impact,199.5,22,3.697122631911992e-14
size_effect,post_impact,199.5,23,2.934116369464855e-14
size_effect,post_impact,199.5,24,2.19365422772207e-14
size_effect,post_impact,199.5,25,1.5619407826047808e-14
size_effect,post_impact,199.5,26,1.2270495356554376e-14
size_effect,post_impact,199.5,27,1.0493804786172907e-14
size_effect,post_impact,199.5,28,1.0461797105162061e-14
size_effect,post_impact,199.5,29,1.0689243239191733e-14
size_effect,post_impact,199.5,30,1.0950312346062665e-14
size_effect,post_impact,199.5,31,1.120403513618206e-14
size_effect,post_impact,199.5,32,1.1437995800609065e-14
size_effect,post_impact,199.5,33,8.899345307580202e-16
size_effect,post_impact,199.5,34,6.0374375607352704e-05
size_effect,post_impact,199.5,35,0.00023410494031850249
size_effect,post_impact,199.5,36,0.0021724216639995575
size_effect,post_impact,199.5,37,0.004973889794200659
size_effect,post_impact,199.5,38,0.000748568563722074
size_effect,post_impact,199.5,39,1.5611042528660725e-14
size_effect,post_impact,199.5,40,2.1179991083458e-14
size_effect,post_impact,199.5,41,3.5159378799229715e-14
size_effect,post_impact,199.5,42,5.047777652681176e-14
size_effect,post_impact,199.5,43,5.546133552956391e-14
size_effect,post_impact,199.5,44,5.5537290668010095e-14
size_effect,post_impact,199.5,45,5.558012681821864e-14
size_effect,post_impact,199.5,46,5.5523019856914754e-14
size_effect,post_impact,199.5,47,5.5441762292218755e-14
size_effect,post_impact,199.5,48,5.533832940496364e-14
size_effect,post_impact,199.5,49,5.5309316832454283e-14
size_effect,post_impact,199.5,50,5.5268869315156996e-14
size_effect,post_impact,199.5,51,5.522120168901731e-14
size_effect,post_impact,199.5,52,5.521131850858875e-14
size_effect,post_impact,199.5,53,5.521139304748811e-14
size_effect,post_impact,199.5,54,5.508035705054787e-14
size_effect,post_impact,199.5,55,5.501559968766438e-14
size_effect,post_impact,199.5,56,5.4852325616751643e-14
size_effect,post_impact,199.5,57,5.3737321938172183e-14
size_effect,post_impact,199.5,58,5.304281929592765e-14
size_effect,post_impact,199.5,59,5.1541995498005644e-14
size_effect,post_impact,199.5,60,4.9780075488158396e-14
size_effect,post_impact,199.5,61,4.6695113731622453e-14
size_effect,post_impact,199.5,62,4.2792799062304e-14
size_effect,post_impact,199.5,63,3.814115161399935e-14
size_effect,post_impact,199.5,64,3.2064479652156586e-14
size_effect,post_impact,199.5,65,6.634843486556417e-16
size_effect,post_impact,199.5,66,2.5259167926229044e-14
size_effect,post_impact,199.5,67,2.0465768836575027e-13
size_effect,post_impact,199.5,68,1.5690027402315287e-12
size_effect,post_impact,199.5,69,8.883645555290975e-12
size_effect,post_impact,199.5,70,0.0003888274368364364
size_effect,post_impact,199.5,71,0.005737571977078915
size_effect,post_impact,199.5,72,0.02012062259018421
size_effect,post_impact,199.5,73,0.055053893476724625
size_effect,post_impact,199.5,74,0.11763835698366165
size_effect,post_impact,199.5,75,0.38947683572769165
size_effect,post_impact,199.5,76,0.0007055358728393912
size_effect,post_impact,199.5,77,5.5327206168300294e-14
size_effect,post_impact,199.5,78,5.5284763041379276e-14
size_effect,post_impact,199.5,79,5.524793066070087e-14
size_effect,post_impact,199.5,80,5.519255503474117e-14
size_effect,post_impact,199.5,81,5.516716098698249e-14
size_effect,post_impact,199.5,82,5.513863630545075e-14
size_effect,post_impact,199.5,83,5.498519459298974e-14
size_effect,post_impact,199.5,84,5.488464839401887e-14
size_effect,post_impact,199.5,85,5.4645029549504204e-14
size_effect,post_impact,199.5,86,5.395673396469715e-14
size_effect,post_impact,199.5,87,5.2277087959082605e-14
size_effect,post_impact,199.5,88,5.021601624105587e-14
size_effect,post_impact,199.5,89,4.754418972234553e-14
size_effect,post_impact,199.5,90,4.359740582329623e-14
size_effect,post_impact,199.5,91,3.995447297121778e-14
size_effect,post_impact,199.5,92,3.6092456741397896e-14
size_effect,post_impact,199.5,93,3.2728736441920564e-14
size_effect,post_impact,199.5,94,2.9754739389606724e-14
size_effect,post_impact,199.5,95,2.7482495581565916e-14
size_effect,post_impact,199.5,96,2.6434053446047594e-14
size_effect,post_impact,199.5,97,3.6689587864157866e-14
size_effect,post_impact,199.5,98,3.460042514546839e-14
size_effect,post_impact,199.5,99,3.2474145443030233e-14
size_effect,post_impact,199.5,100,2.9390823542280176e-14
size_effect,post_impact,199.5,101,2.63268190749252e-14
size_effect,post_impact,199.5,102,2.3652927489889453e-14
size_effect,post_impact,199.5,103,2.2282162212886557e-14
size_effect,post_impact,199.5,104,2.2072331823060932e-14
size_effect,post_impact,199.5,105,2.328342054748467e-13
size_effect,post_impact,199.5,106,8.575087796953984e-13
size_effect,post_impact,199.5,107,4.3775811968405076e-13
size_effect,post_impact,199.5,108,3.9423054664505797e-14
size_effect,post_impact,199.5,109,3.491615159435975e-14
size_effect,post_impact,199.5,110,3.3736969923432725e-14
size_effect,post_impact,199.5,111,3.1536788290412524e-14
size_effect,post_impact,199.5,112,2.6500545532407056e-14
