pft,PFT,diameter,volume,vmax_C,qmin_P,qmax_P,vmax_PO4,affin_PO4,kexc_P,qmin_Fe,qmax_Fe,vmax_Fe,affin_Fe,kexc_Fe,q_C,alphachl,max_graz_C,kg_C,pp_opt,pp_sig,respiration,biosink,mortality,beta_graz,beta_mort
1,phytoplankton,0.1,0.000524,-0.00712,0.0027,0.0217,0.028,25.7,0.0,6.86e-07,4.1e-06,0.000439,1.24,0.0,1.88e-14,3.83e-07,0.0,5.0,10.0,2.0,0.0,0.0,0.05,0.8,0.8
2,phytoplankton,0.15,0.00177,0.0142,0.0027,0.0217,0.0301,15.1,0.0,6.86e-07,4.1e-06,0.000376,0.908,0.0,5.48e-14,3.83e-07,0.0,5.0,10.0,2.0,0.0,0.0,0.05,0.799,0.799
3,phytoplankton,0.2,0.00419,0.0357,0.0027,0.0217,0.0317,10.3,0.0,6.86e-07,4.1e-06,0.000337,0.727,0.0,1.17e-13,3.83e-07,0.0,5.0,10.0,2.0,0.0,0.0,0.05,0.799,0.799
4,phytoplankton,0.25,0.00818,0.0574,0.0027,0.0217,0.033,7.72,0.0,6.86e-07,4.1e-06,0.00031,0.612,0.0,2.11e-13,3.83e-07,0.0,5.0,10.0,2.0,0.0,0.0,0.05,0.799,0.799
5,phytoplankton,0.3,0.0141,0.0796,0.0027,0.0217,0.0341,6.08,0.0,6.86e-07,4.1e-06,0.000289,0.532,0.0,3.42e-13,3.83e-07,0.0,5.0,10.0,2.0,0.0,0.0,0.05,0.799,0.799
6,phytoplankton,0.45,0.0477,0.149,0.0027,0.0217,0.0367,3.57,0.0,6.86e-07,4.1e-06,0.000248,0.389,0.0,9.97e-13,3.83e-07,0.0,5.0,10.0,2.0,0.0,0.0,0.05,0.798,0.798
7,phytoplankton,0.6,0.113,0.225,0.0027,0.0217,0.0386,2.45,0.0,6.86e-07,4.1e-06,0.000222,0.311,0.0,2.13e-12,3.83e-07,0.0,5.0,10.0,2.0,0.0,0.0,0.05,0.798,0.798
8,phytoplankton,0.8,0.268,0.334,0.0027,0.0217,0.0407,1.68,0.0,6.86e-07,4.1e-06,0.000199,0.249,0.0,4.55e-12,3.83e-07,0.0,5.0,10.0,2.0,0.0,0.0,0.05,0.797,0.797
9,phytoplankton,1.1,0.697,0.52,0.0027,0.0217,0.0431,1.11,0.0,6.86e-07,4.1e-06,0.000177,0.195,0.0,1.06e-11,3.83e-07,0.0,5.0,10.0,2.0,0.0,0.0,0.05,0.796,0.796
10,phytoplankton,1.5,1.77,0.807,0.0027,0.0217,0.0455,0.736,0.0,6.86e-07,4.1e-06,0.000157,0.153,0.0,2.39e-11,3.83e-07,0.0,5.0,10.0,2.0,0.0,0.0,0.05,0.794,0.794
11,phytoplankton,2.0,4.19,1.22,0.0027,0.0217,0.0479,0.505,0.0,6.86e-07,4.1e-06,0.000141,0.123,0.0,5.11e-11,3.83e-07,0.0,5.0,10.0,2.0,0.0,0.0,0.05,0.792,0.792
12,phytoplankton,2.7,10.3,1.88,0.0027,0.0217,0.0506,0.34,0.0,6.86e-07,4.1e-06,0.000126,0.0974,0.0,1.13e-10,3.83e-07,0.0,5.0,10.0,2.0,0.0,0.0,0.05,0.789,0.789
13,phytoplankton,3.6,24.4,2.7,0.0027,0.0217,0.0533,0.233,0.0,6.86e-07,4.1e-06,0.000113,0.078,0.0,2.41e-10,3.83e-07,0.0,5.0,10.0,2.0,0.0,0.0,0.05,0.786,0.786
14,phytoplankton,5.0,65.4,3.5,0.0027,0.0217,0.0565,0.152,0.0,6.86e-07,4.1e-06,9.96e-05,0.0605,0.0,5.75e-10,3.83e-07,0.0,5.0,10.0,2.0,0.0,0.0,0.05,0.781,0.781
15,phytoplankton,6.7,157.0,3.57,0.0027,0.0217,0.0596,0.103,0.0,6.86e-07,4.1e-06,8.91e-05,0.0483,0.0,1.24e-09,3.83e-07,0.0,5.0,10.0,2.0,0.0,0.0,0.05,0.775,0.775
16,phytoplankton,9.0,382.0,3.05,0.0027,0.0217,0.0629,0.0702,0.0,6.86e-07,4.1e-06,7.97e-05,0.0385,0.0,2.71e-09,3.83e-07,0.0,5.0,10.0,2.0,0.0,0.0,0.05,0.767,0.767
17,phytoplankton,12.2,951.0,2.37,0.0027,0.0217,0.0664,0.0471,0.0,6.86e-07,4.1e-06,7.1e-05,0.0304,0.0,6.05e-09,3.83e-07,0.0,5.0,10.0,2.0,0.0,0.0,0.05,0.757,0.757
18,phytoplankton,16.4,2310.0,1.82,0.0027,0.0217,0.07,0.032,0.0,6.86e-07,4.1e-06,6.35e-05,0.0242,0.0,1.32e-08,3.83e-07,0.0,5.0,10.0,2.0,0.0,0.0,0.05,0.744,0.744
19,phytoplankton,22.2,5730.0,1.41,0.0027,0.0217,0.0739,0.0215,0.0,6.86e-07,4.1e-06,5.66e-05,0.0191,0.0,2.94e-08,3.83e-07,0.0,5.0,10.0,2.0,0.0,0.0,0.05,0.727,0.727
20,phytoplankton,30.0,14100.0,1.12,0.0027,0.0217,0.0781,0.0145,0.0,6.86e-07,4.1e-06,5.05e-05,0.0152,0.0,6.51e-08,3.83e-07,0.0,5.0,10.0,2.0,0.0,0.0,0.05,0.708,0.708
21,phytoplankton,40.4,34500.0,0.912,0.0027,0.0217,0.0824,0.00979,0.0,6.86e-07,4.1e-06,4.51e-05,0.0121,0.0,1.43e-07,3.83e-07,0.0,5.0,10.0,2.0,0.0,0.0,0.05,0.685,0.685
22,phytoplankton,54.6,85200.0,0.758,0.0027,0.0217,0.087,0.0066,0.0,6.86e-07,4.1e-06,4.02e-05,0.00956,0.0,3.16e-07,3.83e-07,0.0,5.0,10.0,2.0,0.0,0.0,0.05,0.659,0.659
23,phytoplankton,74.0,212000.0,0.64,0.0027,0.0217,0.0918,0.00443,0.0,6.86e-07,4.1e-06,3.58e-05,0.00756,0.0,7.06e-07,3.83e-07,0.0,5.0,10.0,2.0,0.0,0.0,0.05,0.63,0.63
24,phytoplankton,100.0,524000.0,0.551,0.0027,0.0217,0.097,0.00298,0.0,6.86e-07,4.1e-06,3.2e-05,0.00599,0.0,1.56e-06,3.83e-07,0.0,5.0,10.0,2.0,0.0,0.0,0.05,0.6,0.6
25,phytoplankton,134.0,1260000.0,0.482,0.0027,0.0217,0.102,0.00203,0.0,6.86e-07,4.1e-06,2.86e-05,0.00478,0.0,3.39e-06,3.83e-07,0.0,5.0,10.0,2.0,0.0,0.0,0.05,0.571,0.571
26,phytoplankton,181.0,3100000.0,0.426,0.0027,0.0217,0.108,0.00137,0.0,6.86e-07,4.1e-06,2.55e-05,0.00379,0.0,7.49e-06,3.83e-07,0.0,5.0,10.0,2.0,0.0,0.0,0.05,0.542,0.542
27,phytoplankton,245.0,7670000.0,0.38,0.0027,0.0217,0.114,0.000923,0.0,6.86e-07,4.1e-06,2.28e-05,0.003,0.0,1.66e-05,3.83e-07,0.0,5.0,10.0,2.0,0.0,0.0,0.05,0.516,0.516
28,phytoplankton,330.0,18900000.0,0.342,0.0027,0.0217,0.12,0.000622,0.0,6.86e-07,4.1e-06,2.03e-05,0.00238,0.0,3.67e-05,3.83e-07,0.0,5.0,10.0,2.0,0.0,0.0,0.05,0.493,0.493
29,phytoplankton,446.0,46500000.0,0.31,0.0027,0.0217,0.127,0.00042,0.0,6.86e-07,4.1e-06,1.81e-05,0.00189,0.0,8.1e-05,3.83e-07,0.0,5.0,10.0,2.0,0.0,0.0,0.05,0.473,0.473
30,phytoplankton,624.0,127000000.0,0.28,0.0027,0.0217,0.135,0.00027,0.0,6.86e-07,4.1e-06,1.6e-05,0.00146,0.0,0.000197,3.83e-07,0.0,5.0,10.0,2.0,0.0,0.0,0.05,0.455,0.455
31,phytoplankton,874.0,350000000.0,0.255,0.0027,0.0217,0.143,0.000174,0.0,6.86e-07,4.1e-06,1.41e-05,0.00112,0.0,0.000479,3.83e-07,0.0,5.0,10.0,2.0,0.0,0.0,0.05,0.441,0.441
32,phytoplankton,1220.0,960000000.0,0.234,0.0027,0.0217,0.152,0.000112,0.0,6.86e-07,4.1e-06,1.24e-05,0.000866,0.0,0.00116,3.83e-07,0.0,5.0,10.0,2.0,0.0,0.0,0.05,0.43,0.43
33,zooplankton,0.15,0.00177,0.0,0.0027,0.0217,0.0,0.0,0.0,6.86e-07,4.1e-06,0.0,0.0,0.0,5.48e-14,3.83e-07,60.4,5.0,10.0,2.0,0.0,0.0,0.05,0.799,0.799
34,zooplankton,0.2,0.00419,0.0,0.0027,0.0217,0.0,0.0,0.0,6.86e-07,4.1e-06,0.0,0.0,0.0,1.17e-13,3.83e-07,52.6,5.0,10.0,2.0,0.0,0.0,0.05,0.799,0.799
35,zooplankton,0.25,0.00818,0.0,0.0027,0.0217,0.0,0.0,0.0,6.86e-07,4.1e-06,0.0,0.0,0.0,2.11e-13,3.83e-07,47.2,5.0,10.0,2.0,0.0,0.0,0.05,0.799,0.799
36,zooplankton,0.3,0.0141,0.0,0.0027,0.0217,0.0,0.0,0.0,6.86e-07,4.1e-06,0.0,0.0,0.0,3.42e-13,3.83e-07,43.3,5.0,10.0,2.0,0.0,0.0,0.05,0.799,0.799
37,zooplankton,0.45,0.0477,0.0,0.0027,0.0217,0.0,0.0,0.0,6.86e-07,4.1e-06,0.0,0.0,0.0,9.97e-13,3.83e-07,35.6,5.0,10.0,2.0,0.0,0.0,0.05,0.798,0.798
38,zooplankton,0.6,0.113,0.0,0.0027,0.0217,0.0,0.0,0.0,6.86e-07,4.1e-06,0.0,0.0,0.0,2.13e-12,3.83e-07,31.0,5.0,10.0,2.0,0.0,0.0,0.05,0.798,0.798
39,zooplankton,0.8,0.268,0.0,0.0027,0.0217,0.0,0.0,0.0,6.86e-07,4.1e-06,0.0,0.0,0.0,4.55e-12,3.83e-07,27.0,5.0,10.0,2.0,0.0,0.0,0.05,0.797,0.797
40,zooplankton,1.1,0.697,0.0,0.0027,0.0217,0.0,0.0,0.0,6.86e-07,4.1e-06,0.0,0.0,0.0,1.06e-11,3.83e-07,23.2,5.0,10.0,2.0,0.0,0.0,0.05,0.796,0.796
41,zooplankton,1.5,1.77,0.0,0.0027,0.0217,0.0,0.0,0.0,6.86e-07,4.1e-06,0.0,0.0,0.0,2.39e-11,3.83e-07,20.0,5.0,10.0,2.0,0.0,0.0,0.05,0.794,0.794
42,zooplankton,2.0,4.19,0.0,0.0027,0.0217,0.0,0.0,0.0,6.86e-07,4.1e-06,0.0,0.0,0.0,5.11e-11,3.83e-07,17.4,5.0,10.0,2.0,0.0,0.0,0.05,0.792,0.792
43,zooplankton,2.7,10.3,0.0,0.0027,0.0217,0.0,0.0,0.0,6.86e-07,4.1e-06,0.0,0.0,0.0,1.13e-10,3.83e-07,15.1,5.0,10.0,2.0,0.0,0.0,0.05,0.789,0.789
44,zooplankton,3.6,24.4,0.0,0.0027,0.0217,0.0,0.0,0.0,6.86e-07,4.1e-06,0.0,0.0,0.0,2.41e-10,3.83e-07,13.1,5.0,10.0,2.0,0.0,0.0,0.05,0.786,0.786
45,zooplankton,5.0,65.4,0.0,0.0027,0.0217,0.0,0.0,0.0,6.86e-07,4.1e-06,0.0,0.0,0.0,5.75e-10,3.83e-07,11.2,5.0,10.0,2.0,0.0,0.0,0.05,0.781,0.781
46,zooplankton,6.7,157.0,0.0,0.0027,0.0217,0.0,0.0,0.0,6.86e-07,4.1e-06,0.0,0.0,0.0,1.24e-09,3.83e-07,9.75,5.0,10.0,2.0,0.0,0.0,0.05,0.775,0.775
47,zooplankton,9.0,382.0,0.0,0.0027,0.0217,0.0,0.0,0.0,6.86e-07,4.1e-06,0.0,0.0,0.0,2.71e-09,3.83e-07,8.46,5.0,10.0,2.0,0.0,0.0,0.05,0.767,0.767
48,zooplankton,12.2,951.0,0.0,0.0027,0.0217,0.0,0.0,0.0,6.86e-07,4.1e-06,0.0,0.0,0.0,6.05e-09,3.83e-07,7.31,5.0,10.0,2.0,0.0,0.0,0.05,0.757,0.757
49,zooplankton,16.4,2310.0,0.0,0.0027,0.0217,0.0,0.0,0.0,6.86e-07,4.1e-06,0.0,0.0,0.0,1.32e-08,3.83e-07,6.34,5.0,10.0,2.0,0.0,0.0,0.05,0.744,0.744
50,zooplankton,22.2,5730.0,0.0,0.0027,0.0217,0.0,0.0,0.0,6.86e-07,4.1e-06,0.0,0.0,0.0,2.94e-08,3.83e-07,5.48,5.0,10.0,2.0,0.0,0.0,0.05,0.727,0.727
51,zooplankton,30.0,14100.0,0.0,0.0027,0.0217,0.0,0.0,0.0,6.86e-07,4.1e-06,0.0,0.0,0.0,6.51e-08,3.83e-07,4.75,5.0,10.0,2.0,0.0,0.0,0.05,0.708,0.708
52,zooplankton,40.4,34500.0,0.0,0.0027,0.0217,0.0,0.0,0.0,6.86e-07,4.1e-06,0.0,0.0,0.0,1.43e-07,3.83e-07,4.11,5.0,10.0,2.0,0.0,0.0,0.05,0.685,0.685
53,zooplankton,54.6,85200.0,0.0,0.0027,0.0217,0.0,0.0,0.0,6.86e-07,4.1e-06,0.0,0.0,0.0,3.16e-07,3.83e-07,3.56,5.0,10.0,2.0,0.0,0.0,0.05,0.659,0.659
54,zooplankton,74.0,212000.0,0.0,0.0027,0.0217,0.0,0.0,0.0,6.86e-07,4.1e-06,0.0,0.0,0.0,7.06e-07,3.83e-07,3.08,5.0,10.0,2.0,0.0,0.0,0.05,0.63,0.63
55,zooplankton,100.0,524000.0,0.0,0.0027,0.0217,0.0,0.0,0.0,6.86e-07,4.1e-06,0.0,0.0,0.0,1.56e-06,3.83e-07,2.66,5.0,10.0,2.0,0.0,0.0,0.05,0.6,0.6
56,zooplankton,134.0,1260000.0,0.0,0.0027,0.0217,0.0,0.0,0.0,6.86e-07,4.1e-06,0.0,0.0,0.0,3.39e-06,3.83e-07,2.31,5.0,10.0,2.0,0.0,0.0,0.05,0.571,0.571
57,zooplankton,181.0,3100000.0,0.0,0.0027,0.0217,0.0,0.0,0.0,6.86e-07,4.1e-06,0.0,0.0,0.0,7.49e-06,3.83e-07,2.0,5.0,10.0,2.0,0.0,0.0,0.05,0.542,0.542
58,zooplankton,245.0,7670000.0,0.0,0.0027,0.0217,0.0,0.0,0.0,6.86e-07,4.1e-06,0.0,0.0,0.0,1.66e-05,3.83e-07,1.73,5.0,10.0,2.0,0.0,0.0,0.05,0.516,0.516
59,zooplankton,330.0,18900000.0,0.0,0.0027,0.0217,0.0,0.0,0.0,6.86e-07,4.1e-06,0.0,0.0,0.0,3.67e-05,3.83e-07,1.5,5.0,10.0,2.0,0.0,0.0,0.05,0.493,0.493
60,zooplankton,446.0,46500000.0,0.0,0.0027,0.0217,0.0,0.0,0.0,6.86e-07,4.1e-06,0.0,0.0,0.0,8.1e-05,3.83e-07,1.3,5.0,10.0,2.0,0.0,0.0,0.05,0.473,0.473
61,zooplankton,624.0,127000000.0,0.0,0.0027,0.0217,0.0,0.0,0.0,6.86e-07,4.1e-06,0.0,0.0,0.0,0.000197,3.83e-07,1.11,5.0,10.0,2.0,0.0,0.0,0.05,0.455,0.455
62,zooplankton,874.0,350000000.0,0.0,0.0027,0.0217,0.0,0.0,0.0,6.86e-07,4.1e-06,0.0,0.0,0.0,0.000479,3.83e-07,0.941,5.0,10.0,2.0,0.0,0.0,0.05,0.441,0.441
63,zooplankton,1220.0,960000000.0,0.0,0.0027,0.0217,0.0,0.0,0.0,6.86e-07,4.1e-06,0.0,0.0,0.0,0.00116,3.83e-07,0.8,5.0,10.0,2.0,0.0,0.0,0.05,0.43,0.43
64,zooplankton,2800.0,11500000000.0,0.0,0.0027,0.0217,0.0,0.0,0.0,6.86e-07,4.1e-06,0.0,0.0,0.0,0.0103,3.83e-07,0.538,5.0,10.0,2.0,0.0,0.0,0.05,0.414,0.414
65,mixotroph,0.1,0.000524,-0.00214,0.0027,0.0217,0.00839,7.7,0.0,6.86e-07,4.1e-06,0.000132,0.372,0.0,1.88e-14,3.83e-07,22.0,5.0,10.0,2.0,0.0,0.0,0.05,0.8,0.8
66,mixotroph,0.15,0.00177,0.00426,0.0027,0.0217,0.00902,4.52,0.0,6.86e-07,4.1e-06,0.000113,0.272,0.0,5.48e-14,3.83e-07,18.1,5.0,10.0,2.0,0.0,0.0,0.05,0.799,0.799
67,mixotroph,0.2,0.00419,0.0107,0.0027,0.0217,0.0095,3.1,0.0,6.86e-07,4.1e-06,0.000101,0.218,0.0,1.17e-13,3.83e-07,15.8,5.0,10.0,2.0,0.0,0.0,0.05,0.799,0.799
68,mixotroph,0.25,0.00818,0.0172,0.0027,0.0217,0.00989,2.32,0.0,6.86e-07,4.1e-06,9.3e-05,0.184,0.0,2.11e-13,3.83e-07,14.2,5.0,10.0,2.0,0.0,0.0,0.05,0.799,0.799
69,mixotroph,0.3,0.0141,0.0239,0.0027,0.0217,0.0102,1.82,0.0,6.86e-07,4.1e-06,8.68e-05,0.159,0.0,3.42e-13,3.83e-07,13.0,5.0,10.0,2.0,0.0,0.0,0.05,0.799,0.799
70,mixotroph,0.45,0.0477,0.0448,0.0027,0.0217,0.011,1.07,0.0,6.86e-07,4.1e-06,7.44e-05,0.117,0.0,9.97e-13,3.83e-07,10.7,5.0,10.0,2.0,0.0,0.0,0.05,0.798,0.798
71,mixotroph,0.6,0.113,0.0674,0.0027,0.0217,0.0116,0.734,0.0,6.86e-07,4.1e-06,6.67e-05,0.0934,0.0,2.13e-12,3.83e-07,9.31,5.0,10.0,2.0,0.0,0.0,0.05,0.798,0.798
72,mixotroph,0.8,0.268,0.1,0.0027,0.0217,0.0122,0.504,0.0,6.86e-07,4.1e-06,5.98e-05,0.0748,0.0,4.55e-12,3.83e-07,8.11,5.0,10.0,2.0,0.0,0.0,0.05,0.797,0.797
73,mixotroph,1.1,0.697,0.156,0.0027,0.0217,0.0129,0.332,0.0,6.86e-07,4.1e-06,5.3e-05,0.0585,0.0,1.06e-11,3.83e-07,6.96,5.0,10.0,2.0,0.0,0.0,0.05,0.796,0.796
74,mixotroph,1.5,1.77,0.242,0.0027,0.0217,0.0137,0.221,0.0,6.86e-07,4.1e-06,4.71e-05,0.046,0.0,2.39e-11,3.83e-07,6.0,5.0,10.0,2.0,0.0,0.0,0.05,0.794,0.794
75,mixotroph,2.0,4.19,0.367,0.0027,0.0217,0.0144,0.151,0.0,6.86e-07,4.1e-06,4.23e-05,0.0369,0.0,5.11e-11,3.83e-07,5.22,5.0,10.0,2.0,0.0,0.0,0.05,0.792,0.792
76,mixotroph,2.7,10.3,0.564,0.0027,0.0217,0.0152,0.102,0.0,6.86e-07,4.1e-06,3.77e-05,0.0292,0.0,1.13e-10,3.83e-07,4.52,5.0,10.0,2.0,0.0,0.0,0.05,0.789,0.789
77,mixotroph,3.6,24.4,0.811,0.0027,0.0217,0.016,0.07,0.0,6.86e-07,4.1e-06,3.38e-05,0.0234,0.0,2.41e-10,3.83e-07,3.94,5.0,10.0,2.0,0.0,0.0,0.05,0.786,0.786
78,mixotroph,5.0,65.4,1.05,0.0027,0.0217,0.017,0.0455,0.0,6.86e-07,4.1e-06,2.99e-05,0.0182,0.0,5.75e-10,3.83e-07,3.37,5.0,10.0,2.0,0.0,0.0,0.05,0.781,0.781
79,mixotroph,6.7,157.0,1.07,0.0027,0.0217,0.0179,0.031,0.0,6.86e-07,4.1e-06,2.67e-05,0.0145,0.0,1.24e-09,3.83e-07,2.92,5.0,10.0,2.0,0.0,0.0,0.05,0.775,0.775
80,mixotroph,9.0,382.0,0.916,0.0027,0.0217,0.0189,0.0211,0.0,6.86e-07,4.1e-06,2.39e-05,0.0115,0.0,2.71e-09,3.83e-07,2.54,5.0,10.0,2.0,0.0,0.0,0.05,0.767,0.767
81,mixotroph,12.2,951.0,0.712,0.0027,0.0217,0.0199,0.0141,0.0,6.86e-07,4.1e-06,2.13e-05,0.00912,0.0,6.05e-09,3.83e-07,2.19,5.0,10.0,2.0,0.0,0.0,0.05,0.757,0.757
82,mixotroph,16.4,2310.0,0.547,0.0027,0.0217,0.021,0.00959,0.0,6.86e-07,4.1e-06,1.9e-05,0.00726,0.0,1.32e-08,3.83e-07,1.9,5.0,10.0,2.0,0.0,0.0,0.05,0.744,0.744
83,mixotroph,22.2,5730.0,0.424,0.0027,0.0217,0.0222,0.00644,0.0,6.86e-07,4.1e-06,1.7e-05,0.00574,0.0,2.94e-08,3.83e-07,1.65,5.0,10.0,2.0,0.0,0.0,0.05,0.727,0.727
84,mixotroph,30.0,14100.0,0.336,0.0027,0.0217,0.0234,0.00434,0.0,6.86e-07,4.1e-06,1.51e-05,0.00455,0.0,6.51e-08,3.83e-07,1.42,5.0,10.0,2.0,0.0,0.0,0.05,0.708,0.708
85,mixotroph,40.4,34500.0,0.274,0.0027,0.0217,0.0247,0.00294,0.0,6.86e-07,4.1e-06,1.35e-05,0.00362,0.0,1.43e-07,3.83e-07,1.23,5.0,10.0,2.0,0.0,0.0,0.05,0.685,0.685
86,mixotroph,54.6,85200.0,0.227,0.0027,0.0217,0.0261,0.00198,0.0,6.86e-07,4.1e-06,1.21e-05,0.00287,0.0,3.16e-07,3.83e-07,1.07,5.0,10.0,2.0,0.0,0.0,0.05,0.659,0.659
87,mixotroph,74.0,212000.0,0.192,0.0027,0.0217,0.0276,0.00133,0.0,6.86e-07,4.1e-06,1.08e-05,0.00227,0.0,7.06e-07,3.83e-07,0.923,5.0,10.0,2.0,0.0,0.0,0.05,0.63,0.63
88,mixotroph,100.0,524000.0,0.165,0.0027,0.0217,0.0291,0.000895,0.0,6.86e-07,4.1e-06,9.59e-06,0.0018,0.0,1.56e-06,3.83e-07,0.799,5.0,10.0,2.0,0.0,0.0,0.05,0.6,0.6
89,mixotroph,134.0,1260000.0,0.145,0.0027,0.0217,0.0307,0.00061,0.0,6.86e-07,4.1e-06,8.59e-06,0.00143,0.0,3.39e-06,3.83e-07,0.694,5.0,10.0,2.0,0.0,0.0,0.05,0.571,0.571
90,mixotroph,181.0,3100000.0,0.128,0.0027,0.0217,0.0324,0.000411,0.0,6.86e-07,4.1e-06,7.66e-06,0.00114,0.0,7.49e-06,3.83e-07,0.601,5.0,10.0,2.0,0.0,0.0,0.05,0.542,0.542
91,mixotroph,245.0,7670000.0,0.114,0.0027,0.0217,0.0342,0.000277,0.0,6.86e-07,4.1e-06,6.83e-06,0.0009,0.0,1.66e-05,3.83e-07,0.52,5.0,10.0,2.0,0.0,0.0,0.05,0.516,0.516
92,mixotroph,330.0,18900000.0,0.103,0.0027,0.0217,0.0361,0.000187,0.0,6.86e-07,4.1e-06,6.1e-06,0.000714,0.0,3.67e-05,3.83e-07,0.45,5.0,10.0,2.0,0.0,0.0,0.05,0.493,0.493
93,mixotroph,446.0,46500000.0,0.0931,0.0027,0.0217,0.0381,0.000126,0.0,6.86e-07,4.1e-06,5.44e-06,0.000566,0.0,8.1e-05,3.83e-07,0.39,5.0,10.0,2.0,0.0,0.0,0.05,0.473,0.473
94,mixotroph,624.0,127000000.0,0.0841,0.0027,0.0217,0.0404,8.11e-05,0.0,6.86e-07,4.1e-06,4.79e-06,0.000437,0.0,0.000197,3.83e-07,0.332,5.0,10.0,2.0,0.0,0.0,0.05,0.455,0.455
95,mixotroph,874.0,350000000.0,0.0766,0.0027,0.0217,0.043,5.21e-05,0.0,6.86e-07,4.1e-06,4.22e-06,0.000337,0.0,0.000479,3.83e-07,0.282,5.0,10.0,2.0,0.0,0.0,0.05,0.441,0.441
96,mixotroph,1220.0,960000000.0,0.0702,0.0027,0.0217,0.0457,3.35e-05,0.0,6.86e-07,4.1e-06,3.71e-06,0.00026,0.0,0.00116,3.83e-07,0.24,5.0,10.0,2.0,0.0,0.0,0.05,0.43,0.43
97,foram_bn,40.4,34500.0,0.0,0.0027,0.0217,0.0,0.0,0.0,6.86e-07,4.1e-06,0.0,0.0,0.0,1.43e-07,3.83e-07,5.35,5.0,10.0,2.0,0.02,0.0,0.035,0.685,0.685
98,foram_bn,54.6,85200.0,0.0,0.0027,0.0217,0.0,0.0,0.0,6.86e-07,4.1e-06,0.0,0.0,0.0,3.16e-07,3.83e-07,4.63,5.0,10.0,2.0,0.02,0.0,0.035,0.659,0.659
99,foram_bn,74.0,212000.0,0.0,0.0027,0.0217,0.0,0.0,0.0,6.86e-07,4.1e-06,0.0,0.0,0.0,7.06e-07,3.83e-07,4.0,5.0,10.0,2.0,0.02,0.0,0.035,0.63,0.63
100,foram_bn,100.0,524000.0,0.0,0.0027,0.0217,0.0,0.0,0.0,6.86e-07,4.1e-06,0.0,0.0,0.0,1.56e-06,3.83e-07,3.46,5.0,10.0,2.0,0.02,0.0,0.035,0.6,0.6
101,foram_bn,134.0,1260000.0,0.0,0.0027,0.0217,0.0,0.0,0.0,6.86e-07,4.1e-06,0.0,0.0,0.0,3.39e-06,3.83e-07,3.01,5.0,10.0,2.0,0.02,0.0,0.035,0.571,0.571
102,foram_bn,181.0,3100000.0,0.0,0.0027,0.0217,0.0,0.0,0.0,6.86e-07,4.1e-06,0.0,0.0,0.0,7.49e-06,3.83e-07,2.6,5.0,10.0,2.0,0.02,0.0,0.035,0.542,0.542
103,foram_bn,245.0,7670000.0,0.0,0.0027,0.0217,0.0,0.0,0.0,6.86e-07,4.1e-06,0.0,0.0,0.0,1.66e-05,3.83e-07,2.25,5.0,10.0,2.0,0.02,0.0,0.035,0.516,0.516
104,foram_bn,330.0,18900000.0,0.0,0.0027,0.0217,0.0,0.0,0.0,6.86e-07,4.1e-06,0.0,0.0,0.0,3.67e-05,3.83e-07,1.95,5.0,10.0,2.0,0.02,0.0,0.035,0.493,0.493
105,foram_sn,100.0,524000.0,0.0182,0.0027,0.0217,0.00169,0.0501,0.0,6.86e-07,4.1e-06,7.33e-06,0.00839,0.0,8.21e-12,3.83e-07,1.21,5.0,10.0,2.0,0.02,0.0,0.035,0.6,0.6
106,foram_sn,134.0,1260000.0,0.0275,0.0027,0.0217,0.00178,0.0341,0.0,6.86e-07,4.1e-06,6.56e-06,0.00669,0.0,1.78e-11,3.83e-07,1.05,5.0,10.0,2.0,0.02,0.0,0.035,0.571,0.571
107,foram_sn,181.0,3100000.0,0.0424,0.0027,0.0217,0.00188,0.023,0.0,6.86e-07,4.1e-06,5.85e-06,0.00531,0.0,3.93e-11,3.83e-07,0.911,5.0,10.0,2.0,0.02,0.0,0.035,0.542,0.542
108,foram_sn,245.0,7670000.0,0.0655,0.0027,0.0217,0.00199,0.0155,0.0,6.86e-07,4.1e-06,5.22e-06,0.0042,0.0,8.71e-11,3.83e-07,0.789,5.0,10.0,2.0,0.02,0.0,0.035,0.516,0.516
109,foram_sn,330.0,18900000.0,0.0979,0.0027,0.0217,0.0021,0.0105,0.0,6.86e-07,4.1e-06,4.66e-06,0.00333,0.0,1.92e-10,3.83e-07,0.683,5.0,10.0,2.0,0.02,0.0,0.035,0.493,0.493
110,foram_sn,446.0,46500000.0,0.131,0.0027,0.0217,0.00222,0.00705,0.0,6.86e-07,4.1e-06,4.16e-06,0.00265,0.0,4.25e-10,3.83e-07,0.591,5.0,10.0,2.0,0.02,0.0,0.035,0.473,0.473
111,foram_sn,624.0,127000000.0,0.145,0.0027,0.0217,0.00235,0.00454,0.0,6.86e-07,4.1e-06,3.66e-06,0.00204,0.0,1.03e-09,3.83e-07,0.503,5.0,10.0,2.0,0.02,0.0,0.035,0.455,0.455
112,foram_sn,874.0,350000000.0,0.125,0.0027,0.0217,0.0025,0.00292,0.0,6.86e-07,4.1e-06,3.22e-06,0.00157,0.0,2.51e-09,3.83e-07,0.428,5.0,10.0,2.0,0.02,0.0,0.035,0.441,0.441
