present_lon,present_lat,age (Ma),subducted_carbonates_volume (m),carbonate_thickness (m),convergence_obliquity (degrees),convergence_rate (cm/yr),convergence_rate_parallel (cm/yr),crustal_thickness_mean (m),Prospectivity Score,deposit,mineralization_age
-121.0,48.0,0,198.35902,98.767525,-12.069478998516075,4.208975677504276,-0.8800870321367253,46597.91796875,0.01607406,Glacier Peak,21.0
-120.91495223728788,48.31814788788036,2,223.441,166.21747,5.913231362006945,4.231817908158469,0.4359713669118329,42887.8828125,0.029273016,Glacier Peak,21.0
-121.12159758262462,48.22738997254639,3,180.67343,169.2467,6.372145872693351,4.248582100655604,0.4715322940304485,43990.4375,0.013239666,Glacier Peak,21.0
-120.83127826555616,48.142038579181666,4,240.88602,145.78444,-10.238547431856928,4.276677524827883,-0.7601659453487489,45829.51953125,0.014648407,Glacier Peak,21.0
-121.03772870057811,48.05282973132741,5,204.0934,142.51913,-9.781379361706964,4.292824007333506,-0.7293046125418017,47346.91796875,0.014264821,Glacier Peak,21.0
-120.9874599279326,48.381229770821406,7,736.6762,164.66992,-23.47596707920835,4.457521090193704,-1.77571757957176,49296.78125,0.03600793,Glacier Peak,21.0
-121.20165298300488,48.29229990394399,8,868.77655,180.0,-23.6726666493219,4.467105793787668,-1.7935917021294858,48639.26953125,0.037478145,Glacier Peak,21.0
-120.92337360251638,48.21555531589762,9,1013.51306,181.23802,-23.869797934974475,4.476360532249816,-1.8114022801831355,48621.8828125,0.04951206,Glacier Peak,21.0
-121.13734780197184,48.12816867454415,10,1030.2368,192.13594,-25.76500682551973,4.453566865185404,-1.935881575671805,47861.48828125,0.013061331,Glacier Peak,21.0
-120.78140977892016,48.047312591515954,11,468.89218,193.55699,-25.2780747997437,4.013175119355335,-1.7136734107832434,48238.3984375,0.030257208,Glacier Peak,21.0
-120.9530997911898,47.956028129320536,12,467.5172,190.28336,-24.73456734616576,4.026635602338621,-1.6848051922739264,47565.171875,0.07967809,Glacier Peak,21.0
-121.16016831485254,48.36427916734929,13,488.0541,187.62143,-7.15338017516457,4.030836478831979,-0.5019436964780616,46556.3984375,0.22271033,Glacier Peak,21.0
-120.84571610592629,48.28933120091877,14,524.446,185.2203,-6.610482661665425,4.0435781107864095,-0.4654922359939292,49491.44921875,0.28385964,Glacier Peak,21.0
-121.01939297906507,48.1989651059999,15,483.56985,183.62581,-15.316597870174473,4.474035012028218,-1.1818273505295134,47455.33984375,0.8579689,Glacier Peak,21.0
-121.19590151516556,48.10853456704263,16,383.34375,184.9972,-15.441771262965752,4.481816077614039,-1.1933234942070576,46656.8515625,0.8752469,Glacier Peak,21.0
-120.88748221727349,48.03656606068707,17,349.39294,180.36931,-15.568003540481923,4.489229857323688,-1.2048280690405209,47068.89453125,0.8996575,Glacier Peak,21.0
-120.8046379287496,48.37653621395969,19,437.0241,202.37112,-15.823648728448296,4.502953294201506,-1.227853495526432,47272.13671875,0.92913824,Glacier Peak,21.0
-120.98388268920634,48.28784231778326,20,631.5505,233.96269,-8.516060730639127,6.741078166373324,-0.998263608601982,47081.1875,0.99563783,Glacier Peak,21.0
-121.17922193869995,48.19814013087302,21,652.6659,213.95403,-8.381918310411763,6.906535759172677,-1.006771393174023,46200.734375,0.99041766,Glacier Peak,21.0
-120.89686792756568,48.13909307242798,22,818.3965,250.28168,-8.741792363241286,6.815888012136934,-1.035890939324394,48958.33203125,0.9896925,Glacier Peak,21.0
-121.0953813528894,48.05855125039729,23,879.44403,231.80305,-9.104176463500163,6.725656850074031,-1.0642009687402312,46355.25,0.98940474,Glacier Peak,21.0
-121.07368402885216,48.421922144057824,25,844.48486,280.14612,-7.295997812515605,7.363831178627541,-0.935172119979927,47133.125,0.968284,Glacier Peak,21.0
-120.80060790387012,48.36916020107154,26,865.84894,300.5053,-2.456678121091841,8.068181191560194,-0.3458343991231353,47607.94140625,0.8980686,Glacier Peak,21.0
-121.00498245583933,48.29082628663615,27,615.3825,302.91257,2.281110927499233,9.033384026556146,0.3595501786418508,47201.20703125,0.8580938,Glacier Peak,21.0
-121.20902197709026,48.212648420614826,28,580.1536,185.64914,4.464555255685712,10.450565142778036,0.8134966570293434,46779.21484375,0.9967276,Glacier Peak,21.0
-120.93813816829804,48.16443298930096,29,580.65424,184.17198,4.978636256947713,11.032810179090578,0.957474575091696,47725.47265625,0.9865194,Glacier Peak,21.0
-121.14235908044846,48.08755208430112,30,504.6439,227.15477,3.850205184505038,11.032413787430164,0.740806663078504,47037.53125,0.9072489,Glacier Peak,21.0
-121.00430883421744,48.055402274967584,31,349.10107,152.14294,3.244426850804844,11.375854533019584,0.6438241538720931,47898.125,0.5792544,Glacier Peak,21.0
-120.86734089616378,48.02489834597424,32,487.99884,204.30731,-14.355937055685493,11.359871943834166,-2.8166226670454573,48373.921875,0.90840966,Glacier Peak,21.0
-121.03150926208988,47.98131020923078,35,212.88857,127.00697,-26.819519576853708,8.918467010817116,-4.023848228371648,47568.83984375,0.25118443,Glacier Peak,21.0
-120.94979065722173,47.99452632889209,36,49.04695,0.0,-28.75459920147208,7.908454988467272,-3.804434581468206,47721.79296875,0.0012879764,Glacier Peak,21.0
-120.86894440495216,48.00921843239135,37,167.7003,120.641205,-21.74963357192909,7.843266340798987,-2.9063340872128154,47797.0078125,0.15357977,Glacier Peak,21.0
-121.10342193866578,48.02212127046936,40,137.0049,111.84056,-40.09608171217784,5.818231818129752,-3.7473562329570096,46530.57421875,0.0932401,Glacier Peak,21.0
-120.92779930951764,47.980471289469655,41,120.444275,111.63624,-43.68621065511066,5.581137922217386,-3.8549388162500287,47007.91015625,0.10604858,Glacier Peak,21.0
-121.14846961125058,48.343931618792894,43,44.14383,0.0,-45.51403875244886,5.473666869085313,-3.905035275070706,47310.9921875,0.0063857376,Glacier Peak,21.0
-120.97715583723,48.30112777846943,44,16.656174,0.0,-46.52382624170365,5.752622000072935,-4.174450890732109,47596.0,0.07218936,Glacier Peak,21.0
-120.80733602158082,48.260268999915894,45,3.2421136,0.0,-46.94136343085719,5.706610833011212,-4.169565797216923,49820.0,0.015298039,Glacier Peak,21.0
-121.1074466227799,48.17412804779746,46,14.8562565,0.0,-47.53572695382625,5.64536617908027,-4.164577934941158,47306.03125,0.13598558,Glacier Peak,21.0
-120.94143025812868,48.13479993490666,47,32.463326,0.0,-44.37916235909415,5.876301979430059,-4.109905883152334,48312.61328125,0.099006064,Glacier Peak,21.0
-120.77265925179144,48.07165870476066,48,25.62613,0.0,-23.57414928873621,9.170024272608854,-3.6674186758807306,48987.80078125,0.04700993,Glacier Peak,21.0
-120.91589628428449,47.97415097737664,50,0.0,0.0,-13.263043943756887,8.636121097228573,-1.9813160385662585,48402.48828125,0.2784804,Glacier Peak,21.0
-121.17951896876508,48.280701414706634,51,0.0,0.0,-13.602362822864333,8.721943417069841,-2.051245803073234,48505.10546875,0.49476272,Glacier Peak,21.0
-121.18518170373068,48.09540447354291,52,0.0,12.337146,93.46683837842504,-12.486302667290625,12.46345229490974,48079.02734375,0.19268289,Glacier Peak,21.0
-121.06533272409038,48.22806265471075,54,32.51169,59.834644,74.16430117485805,13.577084087318251,13.061808754664137,46381.15625,0.13861538,Glacier Peak,21.0
-121.0525658570991,48.28191091559988,56,0.0,56.68314,0.0,0.0,0.0,43549.59375,0.0238901,Glacier Peak,21.0
-121.00953982633914,48.18416835183799,57,832.65015,38.20348,0.0,0.0,0.0,43886.7890625,0.013204586,Glacier Peak,21.0
-109.78881664924356,33.013584239055696,25,0.26152506,48.816162,-107.84457783225751,-3.693636387307957,-3.515940211273157,46110.06640625,0.0023326424,Safford,48.0
-109.45588214962676,32.98854338943162,26,0.2990856,22.769228,-90.9658962660135,-2.728618323075239,-2.728230603061339,44818.359375,0.0061651836,Safford,48.0
-109.61295020914577,32.93490756697273,27,23.969814,0.0,6.0593822035862654,12.392047232633743,1.308093902289701,45526.5078125,0.23797923,Safford,48.0
-109.76974591227936,32.881587626870655,28,22.603807,10.199716,4.870934921834731,12.3015077233573,1.0445392863186451,45388.8828125,0.10678701,Safford,48.0
-109.437421234712,32.862086182273,29,33.430637,11.549268,5.471740338127426,12.294049546494916,1.1722964813182244,44661.75,0.15227814,Safford,48.0
-109.5940672005221,32.81052472057532,30,75.03575,0.0,5.809500751478107,11.785213549723398,1.192914239234511,44766.9765625,0.0034820822,Safford,48.0
-109.69495068334464,32.7626319899926,32,85.88128,45.289864,5.402586629085427,12.183239169296805,1.1470916615220033,44438.3671875,0.020887502,Safford,48.0
-109.50177503246044,32.75898856900781,33,63.663578,0.0,10.413748890332784,17.91340623298798,3.2379406314627444,46740.0,0.26546463,Safford,48.0
-109.70882181193907,32.78326958389817,35,213.96014,75.616974,10.678073035359198,18.58101806386661,3.442887207378773,45763.2109375,0.07347108,Safford,48.0
-109.57235397096804,32.81806604018601,36,219.82436,0.0,0.9010582994093176,13.760304510703682,0.2163916018231015,45346.41796875,0.051976677,Safford,48.0
-109.43615918789736,32.85458613271697,37,541.7803,153.8668,-0.7057900222181234,13.662625904808642,-0.1682968841935267,44135.4375,0.016713226,Safford,48.0
-109.7882660698556,32.85064281191547,38,274.19058,182.3412,-0.8700421228230808,13.569418011478144,-0.2060450462533866,44862.0390625,0.103017904,Safford,48.0
-109.65269541096214,32.88973041156822,39,58.932423,0.0,-1.036822675949712,13.504881237940118,-0.2443705807618909,44356.34765625,0.33728614,Safford,48.0
-109.5173788838364,32.93057645331395,40,258.48904,116.478516,-11.495281917248551,9.609927804792385,-1.9151359963581704,43335.3984375,0.008317965,Safford,48.0
-109.77641453393537,32.86951008373687,41,186.92693,126.61563,-13.754584763338714,9.067389737834924,-2.155895386217925,43834.3828125,0.03923297,Safford,48.0
-109.5474642628248,32.848856493584215,42,128.35664,0.0,-13.891656242881744,9.01462899174596,-2.164292331090816,43296.21484375,0.0008230529,Safford,48.0
-109.80621602476543,32.78342800450878,43,291.5074,96.14375,-14.312692091120082,9.00931146768994,-2.227224878606876,43344.19140625,0.09663047,Safford,48.0
-109.57831829356928,32.766312422449985,44,265.82648,104.76331,-15.315469431951826,9.299115344371357,-2.4562075446371754,43026.0078125,0.06126591,Safford,48.0
-109.68497550681056,33.18373310565621,46,130.72878,0.0,-15.90324819219377,9.071094816025637,-2.4856046250735213,40191.546875,0.0024809996,Safford,48.0
-109.72313221914924,33.08326286020539,48,81.888214,40.503258,-8.572815334713011,12.448883920530996,-1.8557078126027355,42570.7109375,0.044038348,Safford,48.0
-109.4864608388717,32.823816644614084,49,67.41355,31.67915,-10.366030447270113,11.86049164441818,-2.134129106342934,44612.68359375,0.21862791,Safford,48.0
-109.81459344879512,33.00725545013425,50,164.094,10.960956,-13.352298975103048,10.502226352903792,-2.4253626086282147,45358.4140625,0.6753504,Safford,48.0
-109.70168688629757,32.83275352439417,51,303.36932,22.280294,-14.291209981727825,10.488256366502998,-2.5890297392349626,46764.390625,0.94361633,Safford,48.0
-109.67727565511828,33.15594103194927,52,223.20448,21.361496,-8.440447981975932,12.583285356543898,-1.8469918557159823,46779.95703125,0.72887444,Safford,48.0
-109.56973938965412,32.98724096571358,53,351.74387,24.996096,-3.611390531206028,15.633747011969392,-0.9847529691191154,48445.0,0.9522856,Safford,48.0
-109.4636048978642,32.82162902112943,54,431.50473,35.958057,-3.540329572306573,16.308557111033675,-1.0070712642217088,44738.1328125,0.62639904,Safford,48.0
-109.82014732594764,32.94084208732417,56,318.1461,57.280144,-13.751410181319445,10.285400126057962,-2.444940398898356,45720.16796875,0.8046647,Safford,48.0
-109.65219845115196,32.94389157392324,57,851.14166,72.37794,-17.372266228111055,9.658871285910765,-2.883934790735979,45252.16796875,0.8677494,Safford,48.0
-109.48485625960502,32.94915631042876,58,1631.3933,772.0204,-18.82591751979452,9.388381297557595,-3.0295731437317923,45417.1640625,0.99764067,Safford,48.0
-109.78963513378004,32.88673377610264,59,530.52356,80.0844,-19.322544555293103,9.402629974087429,-3.111196090596501,46490.21484375,0.9835486,Safford,48.0
-109.62328010675508,32.89525484071398,60,469.62296,101.14596,-19.84722205249465,9.403500119330268,-3.1926129856257863,46080.37109375,0.99955976,Safford,48.0
-109.5340831151213,32.89588471372343,61,539.97144,89.00383,-9.258538666557332,11.854181126989465,-1.9072150971293824,46266.93359375,0.9971847,Safford,48.0
-109.82776729556583,32.82886744434453,63,372.15488,97.86367,-5.767630648776319,13.15640323976183,-1.3221425010923198,47501.76171875,0.9961986,Safford,48.0
-109.74011198172651,32.83426493696996,64,488.9513,94.666824,-6.341409195433067,13.150351427843486,-1.4524910925075425,47575.9375,0.9963051,Safford,48.0
-109.65303879579214,32.84163341414823,65,438.2399,89.295166,-9.62833038747573,12.149897685996573,-2.0321464520578663,47609.9375,0.9984488,Safford,48.0
-109.56754304280815,32.85019718718327,66,299.23062,80.80707,-10.259507911592168,12.143834220851785,-2.1628999267687155,47686.44140625,0.9477846,Safford,48.0
